HHS,Funding_Stream,Year,Allocation,Commonwealth,State,Drawn,Undrawn,Utilisation_Pct
Cairns and Hinterland,Capital Funding,2019,32488612.0,16244306.0,16244306.0,30581504.0,1907108.0,94.13
Cairns and Hinterland,Capital Funding,2020,34849910.0,17599204.0,17250705.0,32953456.0,1896454.0,94.56
Cairns and Hinterland,Capital Funding,2021,34208476.0,17446323.0,16762153.0,33620082.0,588394.0,98.28
Cairns and Hinterland,Capital Funding,2022,36780722.0,18942072.0,17838650.0,35391238.0,1389484.0,96.22
Cairns and Hinterland,Capital Funding,2023,38334332.0,19933853.0,18400479.0,37044367.0,1289965.0,96.63
Cairns and Hinterland,Capital Funding,2024,38711363.0,20323466.0,18387897.0,37671102.0,1040261.0,97.31
Cairns and Hinterland,Indigenous Health,2019,112680763.0,56340382.0,56340382.0,108080282.0,4600481.0,95.92
Cairns and Hinterland,Indigenous Health,2020,118626898.0,59906583.0,58720315.0,115451139.0,3175759.0,97.32
Cairns and Hinterland,Indigenous Health,2021,114028561.0,58154566.0,55873995.0,107417023.0,6611538.0,94.2
Cairns and Hinterland,Indigenous Health,2022,122377033.0,63024172.0,59352861.0,119651490.0,2725543.0,97.77
Cairns and Hinterland,Indigenous Health,2023,129187442.0,67177470.0,62009972.0,123739793.0,5447650.0,95.78
Cairns and Hinterland,Indigenous Health,2024,125703219.0,65994190.0,59709029.0,118943568.0,6759650.0,94.62
Cairns and Hinterland,Mental Health,2019,67287447.0,33643723.0,33643723.0,64918367.0,2369080.0,96.48
Cairns and Hinterland,Mental Health,2020,69074794.0,34882771.0,34192023.0,67724875.0,1349919.0,98.05
Cairns and Hinterland,Mental Health,2021,69371120.0,35379271.0,33991849.0,64688735.0,4682385.0,93.25
Cairns and Hinterland,Mental Health,2022,70350824.0,36230674.0,34120150.0,69469949.0,880875.0,98.75
Cairns and Hinterland,Mental Health,2023,75368683.0,39191715.0,36176968.0,73012663.0,2356020.0,96.87
Cairns and Hinterland,Mental Health,2024,75737084.0,39761969.0,35975115.0,70717113.0,5019972.0,93.37
Cairns and Hinterland,National Health Reform Agreement,2019,306759279.0,153379640.0,153379640.0,297245645.0,9513634.0,96.9
Cairns and Hinterland,National Health Reform Agreement,2020,322598013.0,162911997.0,159686016.0,308661035.0,13936978.0,95.68
Cairns and Hinterland,National Health Reform Agreement,2021,319422049.0,162905245.0,156516804.0,300810447.0,18611602.0,94.17
Cairns and Hinterland,National Health Reform Agreement,2022,344280123.0,177304263.0,166975860.0,337496838.0,6783285.0,98.03
Cairns and Hinterland,National Health Reform Agreement,2023,333127199.0,173226143.0,159901056.0,324944403.0,8182796.0,97.54
Cairns and Hinterland,National Health Reform Agreement,2024,364328288.0,191272351.0,173055937.0,344951816.0,19376471.0,94.68
Cairns and Hinterland,Preventive Health,2019,26654678.0,13327339.0,13327339.0,25931318.0,723360.0,97.29
Cairns and Hinterland,Preventive Health,2020,27985770.0,14132814.0,13852956.0,26356155.0,1629615.0,94.18
Cairns and Hinterland,Preventive Health,2021,29945387.0,15272147.0,14673240.0,28880773.0,1064613.0,96.44
Cairns and Hinterland,Preventive Health,2022,30332754.0,15621368.0,14711386.0,30007430.0,325324.0,98.93
Cairns and Hinterland,Preventive Health,2023,30065961.0,15634300.0,14431661.0,28949047.0,1116914.0,96.29
Cairns and Hinterland,Preventive Health,2024,32881480.0,17262777.0,15618703.0,31539714.0,1341766.0,95.92
Cairns and Hinterland,Public Health,2019,39565803.0,19782902.0,19782902.0,37424901.0,2140902.0,94.59
Cairns and Hinterland,Public Health,2020,41549244.0,20982368.0,20566876.0,39623142.0,1926102.0,95.36
Cairns and Hinterland,Public Health,2021,39937358.0,20368052.0,19569305.0,38854316.0,1083041.0,97.29
Cairns and Hinterland,Public Health,2022,44167023.0,22746017.0,21421006.0,41793641.0,2373382.0,94.63
Cairns and Hinterland,Public Health,2023,44167131.0,22966908.0,21200223.0,43486396.0,680734.0,98.46
Cairns and Hinterland,Public Health,2024,46414769.0,24367754.0,22047015.0,45875159.0,539611.0,98.84
Cairns and Hinterland,Teaching & Research,2019,38370821.0,19185411.0,19185411.0,37959902.0,410919.0,98.93
Cairns and Hinterland,Teaching & Research,2020,39244071.0,19818256.0,19425815.0,37903224.0,1340846.0,96.58
Cairns and Hinterland,Teaching & Research,2021,39666686.0,20230010.0,19436676.0,37582452.0,2084234.0,94.75
Cairns and Hinterland,Teaching & Research,2022,40924053.0,21075887.0,19848166.0,38100823.0,2823230.0,93.1
Cairns and Hinterland,Teaching & Research,2023,44982363.0,23390829.0,21591534.0,43065955.0,1916408.0,95.74
Cairns and Hinterland,Teaching & Research,2024,44878303.0,23561109.0,21317194.0,42967235.0,1911068.0,95.74
Central Queensland,Capital Funding,2019,28960788.0,14480394.0,14480394.0,28806874.0,153914.0,99.47
Central Queensland,Capital Funding,2020,29785742.0,15041800.0,14743942.0,27733021.0,2052721.0,93.11
Central Queensland,Capital Funding,2021,30932364.0,15775506.0,15156859.0,30309621.0,622743.0,97.99
Central Queensland,Capital Funding,2022,31061585.0,15996716.0,15064869.0,30924919.0,136666.0,99.56
Central Queensland,Capital Funding,2023,31126836.0,16185955.0,14940881.0,30934217.0,192620.0,99.38
Central Queensland,Capital Funding,2024,33186068.0,17422686.0,15763382.0,31773737.0,1412330.0,95.74
Central Queensland,Indigenous Health,2019,37527814.0,18763907.0,18763907.0,36676018.0,851796.0,97.73
Central Queensland,Indigenous Health,2020,38566638.0,19476152.0,19090486.0,37396243.0,1170395.0,96.97
Central Queensland,Indigenous Health,2021,41242615.0,21033734.0,20208881.0,40593956.0,648660.0,98.43
Central Queensland,Indigenous Health,2022,41597034.0,21422472.0,20174561.0,41021340.0,575694.0,98.62
Central Queensland,Indigenous Health,2023,40763111.0,21196818.0,19566293.0,38864857.0,1898255.0,95.34
Central Queensland,Indigenous Health,2024,45214236.0,23737474.0,21476762.0,43092239.0,2121997.0,95.31
Central Queensland,Mental Health,2019,56871173.0,28435586.0,28435586.0,56381189.0,489984.0,99.14
Central Queensland,Mental Health,2020,58975615.0,29782686.0,29192929.0,55020734.0,3954881.0,93.29
Central Queensland,Mental Health,2021,61263786.0,31244531.0,30019255.0,61028734.0,235052.0,99.62
Central Queensland,Mental Health,2022,61171277.0,31503208.0,29668069.0,57603687.0,3567590.0,94.17
Central Queensland,Mental Health,2023,65265875.0,33938255.0,31327620.0,64412025.0,853850.0,98.69
Central Queensland,Mental Health,2024,64753231.0,33995446.0,30757785.0,61461758.0,3291473.0,94.92
Central Queensland,National Health Reform Agreement,2019,248511814.0,124255907.0,124255907.0,247618646.0,893169.0,99.64
Central Queensland,National Health Reform Agreement,2020,263816786.0,133227477.0,130589309.0,262949128.0,867659.0,99.67
Central Queensland,National Health Reform Agreement,2021,272388384.0,138918076.0,133470308.0,267208125.0,5180259.0,98.1
Central Queensland,National Health Reform Agreement,2022,272096167.0,140129526.0,131966641.0,260409389.0,11686778.0,95.7
Central Queensland,National Health Reform Agreement,2023,296663549.0,154265046.0,142398504.0,277744807.0,18918743.0,93.62
Central Queensland,National Health Reform Agreement,2024,294202575.0,154456352.0,139746223.0,284546158.0,9656417.0,96.72
Central Queensland,Preventive Health,2019,23761115.0,11880557.0,11880557.0,22691600.0,1069515.0,95.5
Central Queensland,Preventive Health,2020,24967979.0,12608829.0,12359150.0,24066962.0,901017.0,96.39
Central Queensland,Preventive Health,2021,25147098.0,12825020.0,12322078.0,23835020.0,1312078.0,94.78
Central Queensland,Preventive Health,2022,24700694.0,12720857.0,11979837.0,23202268.0,1498426.0,93.93
Central Queensland,Preventive Health,2023,25443698.0,13230723.0,12212975.0,23824866.0,1618832.0,93.64
Central Queensland,Preventive Health,2024,26378423.0,13848672.0,12529751.0,26044512.0,333911.0,98.73
Central Queensland,Public Health,2019,34011372.0,17005686.0,17005686.0,32234512.0,1776861.0,94.78
Central Queensland,Public Health,2020,32903695.0,16616366.0,16287329.0,31681047.0,1222648.0,96.28
Central Queensland,Public Health,2021,35110789.0,17906502.0,17204286.0,34362747.0,748042.0,97.87
Central Queensland,Public Health,2022,37356858.0,19238782.0,18118076.0,35647611.0,1709246.0,95.42
Central Queensland,Public Health,2023,37029890.0,19255543.0,17774347.0,35817692.0,1212198.0,96.73
Central Queensland,Public Health,2024,37691741.0,19788164.0,17903577.0,36683963.0,1007778.0,97.33
Central Queensland,Teaching & Research,2019,33250759.0,16625379.0,16625379.0,33090778.0,159981.0,99.52
Central Queensland,Teaching & Research,2020,33238254.0,16785318.0,16452936.0,30917287.0,2320967.0,93.02
Central Queensland,Teaching & Research,2021,34535437.0,17613073.0,16922364.0,33841688.0,693749.0,97.99
Central Queensland,Teaching & Research,2022,34995021.0,18022436.0,16972585.0,34303351.0,691670.0,98.02
Central Queensland,Teaching & Research,2023,36612426.0,19038461.0,17573964.0,34166295.0,2446131.0,93.32
Central Queensland,Teaching & Research,2024,39284780.0,20624510.0,18660271.0,38074820.0,1209960.0,96.92
Darling Downs,Capital Funding,2019,31565725.0,15782863.0,15782863.0,30177035.0,1388691.0,95.6
Darling Downs,Capital Funding,2020,31248525.0,15780505.0,15468020.0,30548904.0,699620.0,97.76
Darling Downs,Capital Funding,2021,32785535.0,16720623.0,16064912.0,32448071.0,337464.0,98.97
Darling Downs,Capital Funding,2022,32936631.0,16962365.0,15974266.0,32172015.0,764616.0,97.68
Darling Downs,Capital Funding,2023,33320237.0,17326523.0,15993714.0,31088147.0,2232090.0,93.3
Darling Downs,Capital Funding,2024,35675212.0,18729486.0,16945726.0,33522317.0,2152895.0,93.97
Darling Downs,Indigenous Health,2019,41992262.0,20996131.0,20996131.0,40288230.0,1704033.0,95.94
Darling Downs,Indigenous Health,2020,42619655.0,21522926.0,21096729.0,41610305.0,1009350.0,97.63
Darling Downs,Indigenous Health,2021,44820616.0,22858514.0,21962102.0,44377456.0,443160.0,99.01
Darling Downs,Indigenous Health,2022,45388884.0,23375275.0,22013609.0,42830010.0,2558873.0,94.36
Darling Downs,Indigenous Health,2023,47530486.0,24715853.0,22814633.0,45390768.0,2139718.0,95.5
Darling Downs,Indigenous Health,2024,49061082.0,25757068.0,23304014.0,48026187.0,1034895.0,97.89
Darling Downs,Mental Health,2019,60487160.0,30243580.0,30243580.0,56360485.0,4126676.0,93.18
Darling Downs,Mental Health,2020,65358313.0,33005948.0,32352365.0,61689574.0,3668739.0,94.39
Darling Downs,Mental Health,2021,63557822.0,32414489.0,31143333.0,62541422.0,1016401.0,98.4
Darling Downs,Mental Health,2022,69341776.0,35711015.0,33630761.0,65293011.0,4048765.0,94.16
Darling Downs,Mental Health,2023,68966354.0,35862504.0,33103850.0,66887257.0,2079097.0,96.99
Darling Downs,Mental Health,2024,73150482.0,38404003.0,34746479.0,70489171.0,2661311.0,96.36
Darling Downs,National Health Reform Agreement,2019,286049817.0,143024908.0,143024908.0,277938623.0,8111194.0,97.16
Darling Downs,National Health Reform Agreement,2020,288617289.0,145751731.0,142865558.0,272293944.0,16323345.0,94.34
Darling Downs,National Health Reform Agreement,2021,292527253.0,149188899.0,143338354.0,292520561.0,6692.0,100.0
Darling Downs,National Health Reform Agreement,2022,307805208.0,158519682.0,149285526.0,293884228.0,13920981.0,95.48
Darling Downs,National Health Reform Agreement,2023,328264747.0,170697668.0,157567079.0,322213505.0,6051242.0,98.16
Darling Downs,National Health Reform Agreement,2024,330349664.0,173433574.0,156916090.0,321438481.0,8911183.0,97.3
Darling Downs,Preventive Health,2019,26072731.0,13036366.0,13036366.0,24639585.0,1433146.0,94.5
Darling Downs,Preventive Health,2020,25378454.0,12816119.0,12562335.0,23637989.0,1740465.0,93.14
Darling Downs,Preventive Health,2021,26595326.0,13563616.0,13031710.0,24884164.0,1711163.0,93.57
Darling Downs,Preventive Health,2022,27229552.0,14023219.0,13206333.0,26423112.0,806439.0,97.04
Darling Downs,Preventive Health,2023,29277324.0,15224208.0,14053116.0,28441553.0,835771.0,97.15
Darling Downs,Preventive Health,2024,30529636.0,16028059.0,14501577.0,29160722.0,1368914.0,95.52
Darling Downs,Public Health,2019,36006341.0,18003171.0,18003171.0,35686116.0,320226.0,99.11
Darling Downs,Public Health,2020,36372551.0,18368138.0,18004413.0,34641246.0,1731305.0,95.24
Darling Downs,Public Health,2021,37782232.0,19268938.0,18513293.0,36995142.0,787090.0,97.92
Darling Downs,Public Health,2022,38878211.0,20022278.0,18855932.0,38732786.0,145425.0,99.63
Darling Downs,Public Health,2023,39720018.0,20654409.0,19065609.0,37534175.0,2185843.0,94.5
Darling Downs,Public Health,2024,40704996.0,21370123.0,19334873.0,39462921.0,1242074.0,96.95
Darling Downs,Teaching & Research,2019,34952271.0,17476136.0,17476136.0,34402130.0,550141.0,98.43
Darling Downs,Teaching & Research,2020,35625343.0,17990798.0,17634545.0,35448575.0,176768.0,99.5
Darling Downs,Teaching & Research,2021,37512610.0,19131431.0,18381179.0,36261829.0,1250780.0,96.67
Darling Downs,Teaching & Research,2022,39974619.0,20586929.0,19387690.0,38430360.0,1544259.0,96.14
Darling Downs,Teaching & Research,2023,41561266.0,21611858.0,19949408.0,40625619.0,935647.0,97.75
Darling Downs,Teaching & Research,2024,41814398.0,21952559.0,19861839.0,39808770.0,2005628.0,95.2
Gold Coast,Capital Funding,2019,69786084.0,34893042.0,34893042.0,66294648.0,3491435.0,95.0
Gold Coast,Capital Funding,2020,76550790.0,38658149.0,37892641.0,72226516.0,4324274.0,94.35
Gold Coast,Capital Funding,2021,76922364.0,39230406.0,37691959.0,74435123.0,2487241.0,96.77
Gold Coast,Capital Funding,2022,79564097.0,40975510.0,38588587.0,75281657.0,4282440.0,94.62
Gold Coast,Capital Funding,2023,79855431.0,41524824.0,38330607.0,75439044.0,4416386.0,94.47
Gold Coast,Capital Funding,2024,82697834.0,43416363.0,39281471.0,76997938.0,5699895.0,93.11
Gold Coast,Indigenous Health,2019,91718081.0,45859041.0,45859041.0,90253012.0,1465070.0,98.4
Gold Coast,Indigenous Health,2020,100835422.0,50921888.0,49913534.0,95494284.0,5341138.0,94.7
Gold Coast,Indigenous Health,2021,98820825.0,50398621.0,48422204.0,98696619.0,124206.0,99.87
Gold Coast,Indigenous Health,2022,102791787.0,52937770.0,49854017.0,97002511.0,5789277.0,94.37
Gold Coast,Indigenous Health,2023,106473482.0,55366211.0,51107271.0,105373140.0,1100342.0,98.97
Gold Coast,Indigenous Health,2024,110267943.0,57890670.0,52377273.0,107023062.0,3244881.0,97.06
Gold Coast,Mental Health,2019,147825061.0,73912530.0,73912530.0,139702307.0,8122754.0,94.51
Gold Coast,Mental Health,2020,147007694.0,74238886.0,72768809.0,139782165.0,7225529.0,95.08
Gold Coast,Mental Health,2021,155074533.0,79088012.0,75986521.0,148243460.0,6831073.0,95.59
Gold Coast,Mental Health,2022,162408962.0,83640616.0,78768347.0,159704044.0,2704919.0,98.33
Gold Coast,Mental Health,2023,159817644.0,83105175.0,76712469.0,153728833.0,6088811.0,96.19
Gold Coast,Mental Health,2024,161600860.0,84840451.0,76760408.0,159080094.0,2520766.0,98.44
Gold Coast,National Health Reform Agreement,2019,666808634.0,333404317.0,333404317.0,624762093.0,42046541.0,93.69
Gold Coast,National Health Reform Agreement,2020,663380301.0,335007052.0,328373249.0,650918843.0,12461457.0,98.12
Gold Coast,National Health Reform Agreement,2021,724186850.0,369335294.0,354851557.0,697719520.0,26467330.0,96.35
Gold Coast,National Health Reform Agreement,2022,722218498.0,371942527.0,350275972.0,686183320.0,36035179.0,95.01
Gold Coast,National Health Reform Agreement,2023,751519073.0,390789918.0,360729155.0,719672727.0,31846346.0,95.76
Gold Coast,National Health Reform Agreement,2024,744283983.0,390749091.0,353534892.0,702352678.0,41931305.0,94.37
Gold Coast,Preventive Health,2019,58233291.0,29116645.0,29116645.0,54896847.0,3336444.0,94.27
Gold Coast,Preventive Health,2020,61334295.0,30973819.0,30360476.0,57346613.0,3987682.0,93.5
Gold Coast,Preventive Health,2021,61857541.0,31547346.0,30310195.0,59446045.0,2411497.0,96.1
Gold Coast,Preventive Health,2022,67839514.0,34937350.0,32902164.0,63269093.0,4570421.0,93.26
Gold Coast,Preventive Health,2023,65538862.0,34080208.0,31458654.0,63859760.0,1679102.0,97.44
Gold Coast,Preventive Health,2024,67685632.0,35534957.0,32150675.0,65442866.0,2242766.0,96.69
Gold Coast,Public Health,2019,86005148.0,43002574.0,43002574.0,83682269.0,2322880.0,97.3
Gold Coast,Public Health,2020,87725853.0,44301556.0,43424297.0,82004758.0,5721095.0,93.48
Gold Coast,Public Health,2021,85974231.0,43846858.0,42127373.0,83502027.0,2472204.0,97.12
Gold Coast,Public Health,2022,87936942.0,45287525.0,42649417.0,83273013.0,4663929.0,94.7
Gold Coast,Public Health,2023,96121042.0,49982942.0,46138100.0,93500391.0,2620652.0,97.27
Gold Coast,Public Health,2024,99782402.0,52385761.0,47396641.0,98858648.0,923754.0,99.07
Gold Coast,Teaching & Research,2019,83339110.0,41669555.0,41669555.0,83072777.0,266334.0,99.68
Gold Coast,Teaching & Research,2020,88810447.0,44849276.0,43961171.0,87625993.0,1184454.0,98.67
Gold Coast,Teaching & Research,2021,89996653.0,45898293.0,44098360.0,84428799.0,5567854.0,93.81
Gold Coast,Teaching & Research,2022,91581829.0,47164642.0,44417187.0,90862661.0,719168.0,99.21
Gold Coast,Teaching & Research,2023,96268723.0,50059736.0,46208987.0,92807731.0,3460992.0,96.4
Gold Coast,Teaching & Research,2024,96289936.0,50552216.0,45737719.0,93635564.0,2654372.0,97.24
Mackay,Capital Funding,2019,21059785.0,10529893.0,10529893.0,19709435.0,1350351.0,93.59
Mackay,Capital Funding,2020,21912448.0,11065786.0,10846662.0,20514529.0,1397920.0,93.62
Mackay,Capital Funding,2021,21632142.0,11032392.0,10599750.0,20267284.0,1364858.0,93.69
Mackay,Capital Funding,2022,23149389.0,11921935.0,11227454.0,22858723.0,290666.0,98.74
Mackay,Capital Funding,2023,23452599.0,12195352.0,11257248.0,22684475.0,768125.0,96.72
Mackay,Capital Funding,2024,23704377.0,12444798.0,11259579.0,23492758.0,211619.0,99.11
Mackay,Indigenous Health,2019,28214587.0,14107293.0,14107293.0,26262802.0,1951785.0,93.08
Mackay,Indigenous Health,2020,27710406.0,13993755.0,13716651.0,26646149.0,1064258.0,96.16
Mackay,Indigenous Health,2021,29997835.0,15298896.0,14698939.0,29638614.0,359221.0,98.8
Mackay,Indigenous Health,2022,30777087.0,15850200.0,14926887.0,29396271.0,1380815.0,95.51
Mackay,Indigenous Health,2023,31927412.0,16602254.0,15325158.0,30321086.0,1606326.0,94.97
Mackay,Indigenous Health,2024,30867972.0,16205685.0,14662287.0,29230788.0,1637183.0,94.7
Mackay,Mental Health,2019,41549105.0,20774552.0,20774552.0,39376245.0,2172859.0,94.77
Mackay,Mental Health,2020,43297569.0,21865272.0,21432297.0,40393951.0,2903618.0,93.29
Mackay,Mental Health,2021,43029626.0,21945109.0,21084517.0,41314015.0,1715611.0,96.01
Mackay,Mental Health,2022,44166448.0,22745721.0,21420727.0,43168434.0,998014.0,97.74
Mackay,Mental Health,2023,47638759.0,24772155.0,22866604.0,45089995.0,2548764.0,94.65
Mackay,Mental Health,2024,47642139.0,25012123.0,22630016.0,45151750.0,2490389.0,94.77
Mackay,National Health Reform Agreement,2019,194709291.0,97354646.0,97354646.0,181350891.0,13358400.0,93.14
Mackay,National Health Reform Agreement,2020,196063806.0,99012222.0,97051584.0,195272377.0,791428.0,99.6
Mackay,National Health Reform Agreement,2021,201419910.0,102724154.0,98695756.0,199025593.0,2394317.0,98.81
Mackay,National Health Reform Agreement,2022,205811601.0,105992974.0,99818626.0,191508805.0,14302796.0,93.05
Mackay,National Health Reform Agreement,2023,207358607.0,107826476.0,99532131.0,203355413.0,4003194.0,98.07
Mackay,National Health Reform Agreement,2024,221016998.0,116033924.0,104983074.0,208497858.0,12519140.0,94.34
Mackay,Preventive Health,2019,16414364.0,8207182.0,8207182.0,15728280.0,686083.0,95.82
Mackay,Preventive Health,2020,17545422.0,8860438.0,8684984.0,16806001.0,739422.0,95.79
Mackay,Preventive Health,2021,18000167.0,9180085.0,8820082.0,17212320.0,787846.0,95.62
Mackay,Preventive Health,2022,18652869.0,9606227.0,9046641.0,18624495.0,28374.0,99.85
Mackay,Preventive Health,2023,19849827.0,10321910.0,9527917.0,18890360.0,959467.0,95.17
Mackay,Preventive Health,2024,20487841.0,10756117.0,9731725.0,19094754.0,1393088.0,93.2
Mackay,Public Health,2019,24024856.0,12012428.0,12012428.0,23186335.0,838521.0,96.51
Mackay,Public Health,2020,24392452.0,12318188.0,12074264.0,23423178.0,969274.0,96.03
Mackay,Public Health,2021,24589965.0,12540882.0,12049083.0,23054780.0,1535185.0,93.76
Mackay,Public Health,2022,25196656.0,12976278.0,12220378.0,24924377.0,272279.0,98.92
Mackay,Public Health,2023,27887018.0,14501249.0,13385769.0,26039451.0,1847567.0,93.37
Mackay,Public Health,2024,27484010.0,14429105.0,13054905.0,26007875.0,1476136.0,94.63
Mackay,Teaching & Research,2019,24203575.0,12101788.0,12101788.0,23661601.0,541974.0,97.76
Mackay,Teaching & Research,2020,25452192.0,12853357.0,12598835.0,24526154.0,926038.0,96.36
Mackay,Teaching & Research,2021,25625820.0,13069168.0,12556652.0,24089768.0,1536052.0,94.01
Mackay,Teaching & Research,2022,25369152.0,13065113.0,12304039.0,25365450.0,3702.0,99.99
Mackay,Teaching & Research,2023,26863204.0,13968866.0,12894338.0,25403044.0,1460160.0,94.56
Mackay,Teaching & Research,2024,28143755.0,14775471.0,13368284.0,27316254.0,827501.0,97.06
Metro North,Capital Funding,2019,104107019.0,52053510.0,52053510.0,100871791.0,3235228.0,96.89
Metro North,Capital Funding,2020,110019250.0,55559721.0,54459529.0,108203623.0,1815626.0,98.35
Metro North,Capital Funding,2021,114800438.0,58548224.0,56252215.0,110613994.0,4186445.0,96.35
Metro North,Capital Funding,2022,118376067.0,60963674.0,57412392.0,114923870.0,3452197.0,97.08
Metro North,Capital Funding,2023,124492400.0,64736048.0,59756352.0,119560631.0,4931769.0,96.04
Metro North,Capital Funding,2024,123635911.0,64908853.0,58727058.0,123556301.0,79610.0,99.94
Metro North,Indigenous Health,2019,142604482.0,71302241.0,71302241.0,137741923.0,4862559.0,96.59
Metro North,Indigenous Health,2020,148127338.0,74804306.0,73323033.0,144797912.0,3329427.0,97.75
Metro North,Indigenous Health,2021,153483988.0,78276834.0,75207154.0,147336776.0,6147212.0,95.99
Metro North,Indigenous Health,2022,154330362.0,79480137.0,74850226.0,145247992.0,9082371.0,94.11
Metro North,Indigenous Health,2023,156182006.0,81214643.0,74967363.0,147775124.0,8406882.0,94.62
Metro North,Indigenous Health,2024,172374983.0,90496866.0,81878117.0,171190540.0,1184443.0,99.31
Metro North,Mental Health,2019,218821555.0,109410777.0,109410777.0,208375162.0,10446392.0,95.23
Metro North,Mental Health,2020,223717088.0,112977130.0,110739959.0,216579171.0,7137917.0,96.81
Metro North,Mental Health,2021,232995588.0,118827750.0,114167838.0,229061595.0,3933993.0,98.31
Metro North,Mental Health,2022,242958240.0,125123494.0,117834747.0,232915064.0,10043176.0,95.87
Metro North,Mental Health,2023,238511519.0,124025990.0,114485529.0,238032307.0,479212.0,99.8
Metro North,Mental Health,2024,245019482.0,128635228.0,116384254.0,233944259.0,11075223.0,95.48
Metro North,National Health Reform Agreement,2019,947674894.0,473837447.0,473837447.0,883085461.0,64589433.0,93.18
Metro North,National Health Reform Agreement,2020,1027536696.0,518906032.0,508630665.0,991150391.0,36386306.0,96.46
Metro North,National Health Reform Agreement,2021,1079935091.0,550766896.0,529168195.0,1006666697.0,73268394.0,93.22
Metro North,National Health Reform Agreement,2022,1099112521.0,566042948.0,533069573.0,1081207408.0,17905113.0,98.37
Metro North,National Health Reform Agreement,2023,1074977774.0,558988443.0,515989332.0,1064314418.0,10663357.0,99.01
Metro North,National Health Reform Agreement,2024,1153436101.0,605553953.0,547882148.0,1140955166.0,12480935.0,98.92
Metro North,Preventive Health,2019,91584861.0,45792430.0,45792430.0,87941734.0,3643127.0,96.02
Metro North,Preventive Health,2020,94098230.0,47519606.0,46578624.0,92161271.0,1936959.0,97.94
Metro North,Preventive Health,2021,98640437.0,50306623.0,48333814.0,92109395.0,6531042.0,93.38
Metro North,Preventive Health,2022,101606766.0,52327485.0,49279282.0,100649636.0,957130.0,99.06
Metro North,Preventive Health,2023,97830507.0,50871864.0,46958643.0,97544605.0,285902.0,99.71
Metro North,Preventive Health,2024,107148798.0,56253119.0,50895679.0,106405983.0,742815.0,99.31
Metro North,Public Health,2019,127384453.0,63692227.0,63692227.0,120906342.0,6478111.0,94.91
Metro North,Public Health,2020,133120718.0,67225963.0,65894755.0,127830366.0,5290352.0,96.03
Metro North,Public Health,2021,131460205.0,67044704.0,64415500.0,123089121.0,8371084.0,93.63
Metro North,Public Health,2022,136564321.0,70330625.0,66233696.0,130846770.0,5717551.0,95.81
Metro North,Public Health,2023,136157062.0,70801672.0,65355390.0,133346497.0,2810565.0,97.94
Metro North,Public Health,2024,140958736.0,74003336.0,66955399.0,139219403.0,1739332.0,98.77
Metro North,Teaching & Research,2019,123516197.0,61758099.0,61758099.0,118695903.0,4820295.0,96.1
Metro North,Teaching & Research,2020,130111535.0,65706325.0,64405210.0,121650443.0,8461091.0,93.5
Metro North,Teaching & Research,2021,129049921.0,65815460.0,63234461.0,125549347.0,3500574.0,97.29
Metro North,Teaching & Research,2022,140019203.0,72109890.0,67909313.0,135215466.0,4803737.0,96.57
Metro North,Teaching & Research,2023,146125256.0,75985133.0,70140123.0,141934521.0,4190736.0,97.13
Metro North,Teaching & Research,2024,144967677.0,76108031.0,68859647.0,140440123.0,4527554.0,96.88
Metro South,Capital Funding,2019,102557551.0,51278776.0,51278776.0,100405194.0,2152357.0,97.9
Metro South,Capital Funding,2020,104922455.0,52985840.0,51936615.0,103958533.0,963922.0,99.08
Metro South,Capital Funding,2021,107042644.0,54591749.0,52450896.0,106314147.0,728498.0,99.32
Metro South,Capital Funding,2022,108768833.0,56015949.0,52752884.0,106904163.0,1864670.0,98.29
Metro South,Capital Funding,2023,116377235.0,60516162.0,55861073.0,114967491.0,1409744.0,98.79
Metro South,Capital Funding,2024,116461696.0,61142391.0,55319306.0,109444081.0,7017615.0,93.97
Metro South,Indigenous Health,2019,135861244.0,67930622.0,67930622.0,132302939.0,3558306.0,97.38
Metro South,Indigenous Health,2020,136115475.0,68738315.0,67377160.0,128566844.0,7548631.0,94.45
Metro South,Indigenous Health,2021,137290029.0,70017915.0,67272114.0,129340287.0,7949741.0,94.21
Metro South,Indigenous Health,2022,142413831.0,73343123.0,69070708.0,136116538.0,6297294.0,95.58
Metro South,Indigenous Health,2023,154627085.0,80406084.0,74221001.0,152978402.0,1648683.0,98.93
Metro South,Indigenous Health,2024,153821344.0,80756206.0,73065138.0,143570340.0,10251004.0,93.34
Metro South,Mental Health,2019,192598882.0,96299441.0,96299441.0,191192060.0,1406822.0,99.27
Metro South,Mental Health,2020,200715560.0,101361358.0,99354202.0,189593280.0,11122280.0,94.46
Metro South,Mental Health,2021,210263050.0,107234155.0,103028894.0,203070099.0,7192951.0,96.58
Metro South,Mental Health,2022,213418731.0,109910647.0,103508085.0,206317904.0,7100828.0,96.67
Metro South,Mental Health,2023,224451424.0,116714741.0,107736684.0,223589132.0,862292.0,99.62
Metro South,Mental Health,2024,230021755.0,120761421.0,109260333.0,222596044.0,7425710.0,96.77
Metro South,National Health Reform Agreement,2019,915989596.0,457994798.0,457994798.0,872499868.0,43489728.0,95.25
Metro South,National Health Reform Agreement,2020,912203149.0,460662590.0,451540559.0,878610706.0,33592444.0,96.32
Metro South,National Health Reform Agreement,2021,944299796.0,481592896.0,462706900.0,901220105.0,43079690.0,95.44
Metro South,National Health Reform Agreement,2022,1028633307.0,529746153.0,498887154.0,994445809.0,34187498.0,96.68
Metro South,National Health Reform Agreement,2023,1036707504.0,539087902.0,497619602.0,1029037115.0,7670389.0,99.26
Metro South,National Health Reform Agreement,2024,1050047266.0,551274815.0,498772451.0,1045237068.0,4810198.0,99.54
Metro South,Preventive Health,2019,85085457.0,42542728.0,42542728.0,79960494.0,5124963.0,93.98
Metro South,Preventive Health,2020,86838581.0,43853483.0,42985098.0,86299134.0,539447.0,99.38
Metro South,Preventive Health,2021,91424736.0,46626615.0,44798121.0,90620268.0,804468.0,99.12
Metro South,Preventive Health,2022,91450212.0,47096859.0,44353353.0,89801550.0,1648662.0,98.2
Metro South,Preventive Health,2023,91566770.0,47614720.0,43952050.0,85632432.0,5934338.0,93.52
Metro South,Preventive Health,2024,95950305.0,50373910.0,45576395.0,93027398.0,2922907.0,96.95
Metro South,Public Health,2019,115458109.0,57729054.0,57729054.0,109429057.0,6029052.0,94.78
Metro South,Public Health,2020,121453441.0,61333988.0,60119453.0,120358306.0,1095134.0,99.1
Metro South,Public Health,2021,122337558.0,62392155.0,59945404.0,116263752.0,6073806.0,95.04
Metro South,Public Health,2022,126082014.0,64932237.0,61149777.0,125724038.0,357976.0,99.72
Metro South,Public Health,2023,136360144.0,70907275.0,65452869.0,133299888.0,3060257.0,97.76
Metro South,Public Health,2024,139035445.0,72993609.0,66041836.0,133628018.0,5407427.0,96.11
Metro South,Teaching & Research,2019,116747645.0,58373823.0,58373823.0,113556909.0,3190737.0,97.27
Metro South,Teaching & Research,2020,120376169.0,60789965.0,59586204.0,118285396.0,2090773.0,98.26
Metro South,Teaching & Research,2021,128323452.0,65444961.0,62878492.0,125211892.0,3111561.0,97.58
Metro South,Teaching & Research,2022,130026238.0,66963513.0,63062725.0,123341341.0,6684897.0,94.86
Metro South,Teaching & Research,2023,134805134.0,70098670.0,64706465.0,130739399.0,4065735.0,96.98
Metro South,Teaching & Research,2024,129552098.0,68014851.0,61537247.0,122707900.0,6844198.0,94.72
North West,Capital Funding,2019,6207313.0,3103657.0,3103657.0,6079044.0,128270.0,97.93
North West,Capital Funding,2020,6745775.0,3406616.0,3339159.0,6451568.0,294207.0,95.64
North West,Capital Funding,2021,6725861.0,3430189.0,3295672.0,6680886.0,44975.0,99.33
North West,Capital Funding,2022,7224216.0,3720471.0,3503745.0,6816703.0,407513.0,94.36
North West,Capital Funding,2023,7209781.0,3749086.0,3460695.0,6953306.0,256475.0,96.44
North West,Capital Funding,2024,7256972.0,3809910.0,3447062.0,6895623.0,361349.0,95.02
North West,Indigenous Health,2019,21046189.0,10523095.0,10523095.0,20838189.0,208000.0,99.01
North West,Indigenous Health,2020,21291293.0,10752103.0,10539190.0,21024678.0,266615.0,98.75
North West,Indigenous Health,2021,23241827.0,11853332.0,11388495.0,22210766.0,1031061.0,95.56
North West,Indigenous Health,2022,23884872.0,12300709.0,11584163.0,23396705.0,488167.0,97.96
North West,Indigenous Health,2023,23164856.0,12045725.0,11119131.0,22752179.0,412677.0,98.22
North West,Indigenous Health,2024,24926954.0,13086651.0,11840303.0,23450734.0,1476219.0,94.08
North West,Mental Health,2019,12439526.0,6219763.0,6219763.0,12253502.0,186024.0,98.5
North West,Mental Health,2020,13211729.0,6671923.0,6539806.0,12737849.0,473880.0,96.41
North West,Mental Health,2021,14096443.0,7189186.0,6907257.0,13965902.0,130542.0,99.07
North West,Mental Health,2022,13647150.0,7028282.0,6618868.0,13181985.0,465165.0,96.59
North West,Mental Health,2023,14862133.0,7728309.0,7133824.0,14385327.0,476806.0,96.79
North West,Mental Health,2024,15386466.0,8077895.0,7308571.0,14474325.0,912141.0,94.07
North West,National Health Reform Agreement,2019,56651728.0,28325864.0,28325864.0,55438217.0,1213511.0,97.86
North West,National Health Reform Agreement,2020,60394650.0,30499298.0,29895352.0,60087821.0,306829.0,99.49
North West,National Health Reform Agreement,2021,64222113.0,32753278.0,31468836.0,63717504.0,504609.0,99.21
North West,National Health Reform Agreement,2022,66756493.0,34379594.0,32376899.0,64389643.0,2366850.0,96.45
North West,National Health Reform Agreement,2023,68022683.0,35371795.0,32650888.0,67514318.0,508365.0,99.25
North West,National Health Reform Agreement,2024,66095708.0,34700247.0,31395461.0,62374298.0,3721410.0,94.37
North West,Preventive Health,2019,5218769.0,2609385.0,2609385.0,5005809.0,212960.0,95.92
North West,Preventive Health,2020,5530096.0,2792698.0,2737397.0,5409794.0,120301.0,97.82
North West,Preventive Health,2021,5440394.0,2774601.0,2665793.0,5204373.0,236021.0,95.66
North West,Preventive Health,2022,5983094.0,3081293.0,2901801.0,5889639.0,93455.0,98.44
North West,Preventive Health,2023,6077235.0,3160162.0,2917073.0,5883830.0,193406.0,96.82
North West,Preventive Health,2024,6063267.0,3183215.0,2880052.0,5889502.0,173766.0,97.13
North West,Public Health,2019,7232611.0,3616305.0,3616305.0,7012704.0,219907.0,96.96
North West,Public Health,2020,7654224.0,3865383.0,3788841.0,7157192.0,497032.0,93.51
North West,Public Health,2021,7996935.0,4078437.0,3918498.0,7776557.0,220378.0,97.24
North West,Public Health,2022,8010399.0,4125356.0,3885044.0,7933066.0,77333.0,99.03
North West,Public Health,2023,8413222.0,4374875.0,4038347.0,8205749.0,207473.0,97.53
North West,Public Health,2024,8851416.0,4646994.0,4204423.0,8718328.0,133088.0,98.5
North West,Teaching & Research,2019,7696950.0,3848475.0,3848475.0,7392324.0,304626.0,96.04
North West,Teaching & Research,2020,7447942.0,3761211.0,3686731.0,7257010.0,190931.0,97.44
North West,Teaching & Research,2021,7934541.0,4046616.0,3887925.0,7637273.0,297268.0,96.25
North West,Teaching & Research,2022,7929498.0,4083691.0,3845807.0,7915957.0,13541.0,99.83
North West,Teaching & Research,2023,8188824.0,4258189.0,3930636.0,7775370.0,413454.0,94.95
North West,Teaching & Research,2024,8951231.0,4699396.0,4251835.0,8841999.0,109232.0,98.78
South West,Capital Funding,2019,3924845.0,1962422.0,1962422.0,3810507.0,114337.0,97.09
South West,Capital Funding,2020,4062996.0,2051813.0,2011183.0,3871614.0,191382.0,95.29
South West,Capital Funding,2021,3962581.0,2020917.0,1941665.0,3882249.0,80333.0,97.97
South West,Capital Funding,2022,4173181.0,2149188.0,2023993.0,4004797.0,168384.0,95.97
South West,Capital Funding,2023,4311978.0,2242229.0,2069750.0,4094486.0,217492.0,94.96
South West,Capital Funding,2024,4588920.0,2409183.0,2179737.0,4557357.0,31563.0,99.31
South West,Indigenous Health,2019,5170368.0,2585184.0,2585184.0,4819585.0,350783.0,93.22
South West,Indigenous Health,2020,5152059.0,2601790.0,2550269.0,5015602.0,136457.0,97.35
South West,Indigenous Health,2021,5559804.0,2835500.0,2724304.0,5259481.0,300323.0,94.6
South West,Indigenous Health,2022,5408312.0,2785280.0,2623031.0,5181709.0,226603.0,95.81
South West,Indigenous Health,2023,5622094.0,2923489.0,2698605.0,5429341.0,192753.0,96.57
South West,Indigenous Health,2024,5864302.0,3078758.0,2785543.0,5803636.0,60666.0,98.97
South West,Mental Health,2019,7938533.0,3969266.0,3969266.0,7690976.0,247556.0,96.88
South West,Mental Health,2020,7776617.0,3927191.0,3849425.0,7580695.0,195922.0,97.48
South West,Mental Health,2021,8228623.0,4196598.0,4032025.0,8087698.0,140926.0,98.29
South West,Mental Health,2022,8358955.0,4304862.0,4054093.0,8164654.0,194301.0,97.68
South West,Mental Health,2023,8854721.0,4604455.0,4250266.0,8612798.0,241924.0,97.27
South West,Mental Health,2024,8672683.0,4553158.0,4119524.0,8535058.0,137624.0,98.41
South West,National Health Reform Agreement,2019,36394029.0,18197014.0,18197014.0,35613111.0,780918.0,97.85
South West,National Health Reform Agreement,2020,35083564.0,17717200.0,17366364.0,34266367.0,817197.0,97.67
South West,National Health Reform Agreement,2021,36579752.0,18655674.0,17924079.0,35016839.0,1562913.0,95.73
South West,National Health Reform Agreement,2022,39557995.0,20372368.0,19185628.0,37477721.0,2080275.0,94.74
South West,National Health Reform Agreement,2023,38906624.0,20231444.0,18675179.0,37381877.0,1524747.0,96.08
South West,National Health Reform Agreement,2024,39697080.0,20840967.0,18856113.0,38101686.0,1595394.0,95.98
South West,Preventive Health,2019,3220767.0,1610384.0,1610384.0,3215575.0,5192.0,99.84
South West,Preventive Health,2020,3325785.0,1679521.0,1646264.0,3128706.0,197079.0,94.07
South West,Preventive Health,2021,3508878.0,1789528.0,1719350.0,3488116.0,20762.0,99.41
South West,Preventive Health,2022,3482111.0,1793287.0,1688824.0,3345926.0,136185.0,96.09
South West,Preventive Health,2023,3491849.0,1815762.0,1676088.0,3400856.0,90993.0,97.39
South West,Preventive Health,2024,3698775.0,1941857.0,1756918.0,3530777.0,167998.0,95.46
South West,Public Health,2019,4553299.0,2276650.0,2276650.0,4523169.0,30130.0,99.34
South West,Public Health,2020,4479055.0,2261923.0,2217132.0,4248664.0,230391.0,94.86
South West,Public Health,2021,4578562.0,2335067.0,2243495.0,4381062.0,197500.0,95.69
South West,Public Health,2022,5006514.0,2578355.0,2428159.0,4976787.0,29727.0,99.41
South West,Public Health,2023,5057529.0,2629915.0,2427614.0,5013701.0,43827.0,99.13
South West,Public Health,2024,5211246.0,2735904.0,2475342.0,5108328.0,102918.0,98.03
South West,Teaching & Research,2019,4534512.0,2267256.0,2267256.0,4531399.0,3113.0,99.93
South West,Teaching & Research,2020,4611943.0,2329031.0,2282912.0,4592941.0,19002.0,99.59
South West,Teaching & Research,2021,4820847.0,2458632.0,2362215.0,4498227.0,322621.0,93.31
South West,Teaching & Research,2022,4982111.0,2565787.0,2416324.0,4962153.0,19958.0,99.6
South West,Teaching & Research,2023,4937182.0,2567335.0,2369847.0,4893723.0,43459.0,99.12
South West,Teaching & Research,2024,5117735.0,2686811.0,2430924.0,5100701.0,17034.0,99.67
Sunshine Coast,Capital Funding,2019,54558996.0,27279498.0,27279498.0,51606314.0,2952682.0,94.59
Sunshine Coast,Capital Funding,2020,54514137.0,27529639.0,26984498.0,53556010.0,958128.0,98.24
Sunshine Coast,Capital Funding,2021,58423694.0,29796084.0,28627610.0,55720169.0,2703525.0,95.37
Sunshine Coast,Capital Funding,2022,61120524.0,31477070.0,29643454.0,57221021.0,3899503.0,93.62
Sunshine Coast,Capital Funding,2023,59104420.0,30734299.0,28370122.0,56745100.0,2359320.0,96.01
Sunshine Coast,Capital Funding,2024,61586591.0,32332960.0,29253631.0,58376697.0,3209894.0,94.79
Sunshine Coast,Indigenous Health,2019,70650023.0,35325011.0,35325011.0,69215310.0,1434713.0,97.97
Sunshine Coast,Indigenous Health,2020,73469863.0,37102281.0,36367582.0,69367242.0,4102622.0,94.42
Sunshine Coast,Indigenous Health,2021,74446070.0,37967496.0,36478574.0,69280781.0,5165289.0,93.06
Sunshine Coast,Indigenous Health,2022,77508541.0,39916899.0,37591643.0,76625471.0,883070.0,98.86
Sunshine Coast,Indigenous Health,2023,82060510.0,42671465.0,39389045.0,79632661.0,2427849.0,97.04
Sunshine Coast,Indigenous Health,2024,85359615.0,44813798.0,40545817.0,82516974.0,2842641.0,96.67
Sunshine Coast,Mental Health,2019,104386048.0,52193024.0,52193024.0,101803271.0,2582776.0,97.53
Sunshine Coast,Mental Health,2020,110636926.0,55871647.0,54765278.0,107518563.0,3118362.0,97.18
Sunshine Coast,Mental Health,2021,118038339.0,60199553.0,57838786.0,115615433.0,2422906.0,97.95
Sunshine Coast,Mental Health,2022,116801902.0,60152979.0,56648922.0,111476809.0,5325093.0,95.44
Sunshine Coast,Mental Health,2023,122497341.0,63698618.0,58798724.0,120418033.0,2079308.0,98.3
Sunshine Coast,Mental Health,2024,126501420.0,66413246.0,60088175.0,122129047.0,4372373.0,96.54
Sunshine Coast,National Health Reform Agreement,2019,494326966.0,247163483.0,247163483.0,482262189.0,12064778.0,97.56
Sunshine Coast,National Health Reform Agreement,2020,511355900.0,258234730.0,253121171.0,488216238.0,23139663.0,95.47
Sunshine Coast,National Health Reform Agreement,2021,542770895.0,276813157.0,265957739.0,523865205.0,18905690.0,96.52
Sunshine Coast,National Health Reform Agreement,2022,525198465.0,270477210.0,254721256.0,500966521.0,24231944.0,95.39
Sunshine Coast,National Health Reform Agreement,2023,567308467.0,295000403.0,272308064.0,551262077.0,16046390.0,97.17
Sunshine Coast,National Health Reform Agreement,2024,591541494.0,310559284.0,280982210.0,555457704.0,36083790.0,93.9
Sunshine Coast,Preventive Health,2019,43596447.0,21798224.0,21798224.0,42835108.0,761339.0,98.25
Sunshine Coast,Preventive Health,2020,46061828.0,23261223.0,22800605.0,45089091.0,972737.0,97.89
Sunshine Coast,Preventive Health,2021,48441891.0,24705364.0,23736527.0,45339336.0,3102555.0,93.6
Sunshine Coast,Preventive Health,2022,50060434.0,25781124.0,24279311.0,46895944.0,3164490.0,93.68
Sunshine Coast,Preventive Health,2023,48915733.0,25436181.0,23479552.0,48344626.0,571108.0,98.83
Sunshine Coast,Preventive Health,2024,49920070.0,26208037.0,23712033.0,49657107.0,262963.0,99.47
Sunshine Coast,Public Health,2019,60359749.0,30179874.0,30179874.0,57857849.0,2501899.0,95.86
Sunshine Coast,Public Health,2020,63149886.0,31890692.0,31259193.0,58755049.0,4394836.0,93.04
Sunshine Coast,Public Health,2021,67785034.0,34570367.0,33214667.0,64674425.0,3110609.0,95.41
Sunshine Coast,Public Health,2022,66258237.0,34122992.0,32135245.0,65990821.0,267415.0,99.6
Sunshine Coast,Public Health,2023,72843434.0,37878586.0,34964848.0,71315284.0,1528150.0,97.9
Sunshine Coast,Public Health,2024,71069653.0,37311568.0,33758085.0,66699836.0,4369817.0,93.85
Sunshine Coast,Teaching & Research,2019,64104327.0,32052163.0,32052163.0,62447524.0,1656803.0,97.42
Sunshine Coast,Teaching & Research,2020,66149852.0,33405675.0,32744177.0,62456886.0,3692966.0,94.42
Sunshine Coast,Teaching & Research,2021,68335188.0,34850946.0,33484242.0,64176915.0,4158273.0,93.91
Sunshine Coast,Teaching & Research,2022,67490821.0,34757773.0,32733048.0,64525818.0,2965004.0,95.61
Sunshine Coast,Teaching & Research,2023,70607267.0,36715779.0,33891488.0,65937672.0,4669595.0,93.39
Sunshine Coast,Teaching & Research,2024,72683817.0,38159004.0,34524813.0,72512912.0,170905.0,99.76
Torres and Cape,Capital Funding,2019,4536090.0,2268045.0,2268045.0,4484859.0,51231.0,98.87
Torres and Cape,Capital Funding,2020,4821843.0,2435031.0,2386812.0,4740688.0,81155.0,98.32
Torres and Cape,Capital Funding,2021,5018620.0,2559496.0,2459124.0,4828620.0,189999.0,96.21
Torres and Cape,Capital Funding,2022,5163132.0,2659013.0,2504119.0,4991110.0,172022.0,96.67
Torres and Cape,Capital Funding,2023,5301835.0,2756954.0,2544881.0,5021555.0,280280.0,94.71
Torres and Cape,Capital Funding,2024,5349403.0,2808436.0,2540966.0,5195919.0,153484.0,97.13
Torres and Cape,Indigenous Health,2019,15460672.0,7730336.0,7730336.0,14732728.0,727945.0,95.29
Torres and Cape,Indigenous Health,2020,15557987.0,7856784.0,7701204.0,15014258.0,543729.0,96.51
Torres and Cape,Indigenous Health,2021,16617093.0,8474717.0,8142376.0,16561831.0,55262.0,99.67
Torres and Cape,Indigenous Health,2022,16354142.0,8422383.0,7931759.0,15631645.0,722497.0,95.58
Torres and Cape,Indigenous Health,2023,17282174.0,8986730.0,8295443.0,16502412.0,779762.0,95.49
Torres and Cape,Indigenous Health,2024,17414106.0,9142405.0,8271700.0,16363007.0,1051098.0,93.96
Torres and Cape,Mental Health,2019,9141861.0,4570931.0,4570931.0,8859845.0,282016.0,96.92
Torres and Cape,Mental Health,2020,9604207.0,4850124.0,4754082.0,9249193.0,355014.0,96.3
Torres and Cape,Mental Health,2021,9708137.0,4951150.0,4756987.0,9488692.0,219445.0,97.74
Torres and Cape,Mental Health,2022,10089508.0,5196097.0,4893411.0,9754209.0,335299.0,96.68
Torres and Cape,Mental Health,2023,10557525.0,5489913.0,5067612.0,10140297.0,417228.0,96.05
Torres and Cape,Mental Health,2024,10783338.0,5661252.0,5122086.0,10271445.0,511893.0,95.25
Torres and Cape,National Health Reform Agreement,2019,42843363.0,21421681.0,21421681.0,40090948.0,2752415.0,93.58
Torres and Cape,National Health Reform Agreement,2020,42316471.0,21369818.0,20946653.0,39599961.0,2716510.0,93.58
Torres and Cape,National Health Reform Agreement,2021,44037534.0,22459142.0,21578392.0,43162356.0,875178.0,98.01
Torres and Cape,National Health Reform Agreement,2022,44450713.0,22892117.0,21558596.0,42969594.0,1481119.0,96.67
Torres and Cape,National Health Reform Agreement,2023,48738856.0,25344205.0,23394651.0,45778205.0,2960651.0,93.93
Torres and Cape,National Health Reform Agreement,2024,47006153.0,24678230.0,22327923.0,46799226.0,206927.0,99.56
Torres and Cape,Preventive Health,2019,3738298.0,1869149.0,1869149.0,3593910.0,144389.0,96.14
Torres and Cape,Preventive Health,2020,4085991.0,2063426.0,2022566.0,3903851.0,182140.0,95.54
Torres and Cape,Preventive Health,2021,4071729.0,2076582.0,1995147.0,4069954.0,1775.0,99.96
Torres and Cape,Preventive Health,2022,4361622.0,2246235.0,2115386.0,4334587.0,27034.0,99.38
Torres and Cape,Preventive Health,2023,4253904.0,2212030.0,2041874.0,3971025.0,282879.0,93.35
Torres and Cape,Preventive Health,2024,4357443.0,2287657.0,2069785.0,4055169.0,302274.0,93.06
Torres and Cape,Public Health,2019,5488498.0,2744249.0,2744249.0,5427199.0,61298.0,98.88
Torres and Cape,Public Health,2020,5520100.0,2787650.0,2732449.0,5266782.0,253318.0,95.41
Torres and Cape,Public Health,2021,5864446.0,2990867.0,2873579.0,5824586.0,39860.0,99.32
Torres and Cape,Public Health,2022,5847376.0,3011398.0,2835977.0,5585631.0,261744.0,95.52
Torres and Cape,Public Health,2023,5934571.0,3085977.0,2848594.0,5807732.0,126839.0,97.86
Torres and Cape,Public Health,2024,6282582.0,3298356.0,2984227.0,5916045.0,366537.0,94.17
Torres and Cape,Teaching & Research,2019,5197617.0,2598808.0,2598808.0,5138577.0,59040.0,98.86
Torres and Cape,Teaching & Research,2020,5696055.0,2876508.0,2819547.0,5685232.0,10823.0,99.81
Torres and Cape,Teaching & Research,2021,5597984.0,2854972.0,2743012.0,5351238.0,246746.0,95.59
Torres and Cape,Teaching & Research,2022,5917100.0,3047306.0,2869793.0,5856218.0,60881.0,98.97
Torres and Cape,Teaching & Research,2023,5836692.0,3035080.0,2801612.0,5774897.0,61795.0,98.94
Torres and Cape,Teaching & Research,2024,6126105.0,3216205.0,2909900.0,5712315.0,413791.0,93.25
Townsville,Capital Funding,2019,36127751.0,18063876.0,18063876.0,33762771.0,2364981.0,93.45
Townsville,Capital Funding,2020,37241700.0,18807059.0,18434642.0,34989931.0,2251769.0,93.95
Townsville,Capital Funding,2021,38821983.0,19799211.0,19022771.0,36978030.0,1843952.0,95.25
Townsville,Capital Funding,2022,41020005.0,21125302.0,19894702.0,39053258.0,1966747.0,95.21
Townsville,Capital Funding,2023,41850011.0,21762006.0,20088005.0,39889005.0,1961005.0,95.31
Townsville,Capital Funding,2024,42191511.0,22150543.0,20040968.0,42094005.0,97507.0,99.77
Townsville,Indigenous Health,2019,49492999.0,24746500.0,24746500.0,46513240.0,2979759.0,93.98
Townsville,Indigenous Health,2020,51571102.0,26043407.0,25527696.0,49747321.0,1823781.0,96.46
Townsville,Indigenous Health,2021,51325294.0,26175900.0,25149394.0,48573930.0,2751364.0,94.64
Townsville,Indigenous Health,2022,52510115.0,27042709.0,25467406.0,50930984.0,1579131.0,96.99
Townsville,Indigenous Health,2023,56666049.0,29466346.0,27199704.0,55834674.0,831375.0,98.53
Townsville,Indigenous Health,2024,57536661.0,30206747.0,27329914.0,54371023.0,3165638.0,94.5
Townsville,Mental Health,2019,73643853.0,36821927.0,36821927.0,70265024.0,3378829.0,95.41
Townsville,Mental Health,2020,77596971.0,39186470.0,38410501.0,74720843.0,2876128.0,96.29
Townsville,Mental Health,2021,77148456.0,39345713.0,37802743.0,76766544.0,381912.0,99.5
Townsville,Mental Health,2022,78178928.0,40262148.0,37916780.0,76150564.0,2028364.0,97.41
Townsville,Mental Health,2023,86726517.0,45097789.0,41628728.0,82236495.0,4490021.0,94.82
Townsville,Mental Health,2024,87866472.0,46129898.0,41736574.0,83761975.0,4104497.0,95.33
Townsville,National Health Reform Agreement,2019,351043643.0,175521822.0,175521822.0,329557276.0,21486367.0,93.88
Townsville,National Health Reform Agreement,2020,354175315.0,178858534.0,175316781.0,347421735.0,6753580.0,98.09
Townsville,National Health Reform Agreement,2021,347572268.0,177261857.0,170310411.0,344862938.0,2709330.0,99.22
Townsville,National Health Reform Agreement,2022,380962817.0,196195851.0,184766966.0,358754098.0,22208719.0,94.17
Townsville,National Health Reform Agreement,2023,388725382.0,202137199.0,186588183.0,381245031.0,7480351.0,98.08
Townsville,National Health Reform Agreement,2024,403556484.0,211867154.0,191689330.0,391709431.0,11847053.0,97.06
Townsville,Preventive Health,2019,30881881.0,15440940.0,15440940.0,29709426.0,1172454.0,96.2
Townsville,Preventive Health,2020,31588959.0,15952424.0,15636535.0,30209065.0,1379894.0,95.63
Townsville,Preventive Health,2021,33434830.0,17051763.0,16383067.0,32879335.0,555495.0,98.34
Townsville,Preventive Health,2022,35140570.0,18097394.0,17043177.0,33495464.0,1645107.0,95.32
Townsville,Preventive Health,2023,33497761.0,17418836.0,16078925.0,32432284.0,1065477.0,96.82
Townsville,Preventive Health,2024,36778209.0,19308560.0,17469649.0,34910614.0,1867595.0,94.92
Townsville,Public Health,2019,43286490.0,21643245.0,21643245.0,40990978.0,2295512.0,94.7
Townsville,Public Health,2020,45871138.0,23164925.0,22706213.0,45468809.0,402329.0,99.12
Townsville,Public Health,2021,46086736.0,23504235.0,22582500.0,43415871.0,2670865.0,94.2
Townsville,Public Health,2022,48932809.0,25200397.0,23732413.0,48193157.0,739652.0,98.49
Townsville,Public Health,2023,47580830.0,24742031.0,22838798.0,45121981.0,2458849.0,94.83
Townsville,Public Health,2024,50061388.0,26282229.0,23779159.0,47672072.0,2389317.0,95.23
Townsville,Teaching & Research,2019,44149619.0,22074810.0,22074810.0,42380144.0,1769475.0,95.99
Townsville,Teaching & Research,2020,45090272.0,22770587.0,22319684.0,42884717.0,2205554.0,95.11
Townsville,Teaching & Research,2021,44755664.0,22825389.0,21930275.0,42265584.0,2490080.0,94.44
Townsville,Teaching & Research,2022,47550952.0,24488740.0,23062212.0,44526100.0,3024852.0,93.64
Townsville,Teaching & Research,2023,50182623.0,26094964.0,24087659.0,48334056.0,1848567.0,96.32
Townsville,Teaching & Research,2024,48795551.0,25617664.0,23177887.0,48069122.0,726429.0,98.51
West Moreton,Capital Funding,2019,36035937.0,18017968.0,18017968.0,35756171.0,279766.0,99.22
West Moreton,Capital Funding,2020,38258965.0,19320777.0,18938188.0,36490139.0,1768826.0,95.38
West Moreton,Capital Funding,2021,39325530.0,20056021.0,19269510.0,37409893.0,1915637.0,95.13
West Moreton,Capital Funding,2022,40222751.0,20714717.0,19508034.0,37632107.0,2590645.0,93.56
West Moreton,Capital Funding,2023,41302318.0,21477205.0,19825113.0,40308452.0,993866.0,97.59
West Moreton,Capital Funding,2024,40204240.0,21107226.0,19097014.0,38783503.0,1420737.0,96.47
West Moreton,Indigenous Health,2019,49121345.0,24560673.0,24560673.0,46685436.0,2435909.0,95.04
West Moreton,Indigenous Health,2020,50063338.0,25281985.0,24781352.0,47030009.0,3033329.0,93.94
West Moreton,Indigenous Health,2021,49004647.0,24992370.0,24012277.0,47708557.0,1296090.0,97.36
West Moreton,Indigenous Health,2022,52351924.0,26961241.0,25390683.0,51232532.0,1119392.0,97.86
West Moreton,Indigenous Health,2023,52219301.0,27154036.0,25065264.0,49705903.0,2513398.0,95.19
West Moreton,Indigenous Health,2024,54031056.0,28366305.0,25664752.0,53615453.0,415604.0,99.23
West Moreton,Mental Health,2019,72435248.0,36217624.0,36217624.0,69774503.0,2660745.0,96.33
West Moreton,Mental Health,2020,74605332.0,37675693.0,36929639.0,73527388.0,1077944.0,98.56
West Moreton,Mental Health,2021,73341525.0,37404178.0,35937347.0,72076037.0,1265488.0,98.27
West Moreton,Mental Health,2022,77654878.0,39992262.0,37662616.0,72658139.0,4996738.0,93.57
West Moreton,Mental Health,2023,81457207.0,42357748.0,39099460.0,76626966.0,4830241.0,94.07
West Moreton,Mental Health,2024,85295384.0,44780076.0,40515307.0,80697965.0,4597418.0,94.61
West Moreton,National Health Reform Agreement,2019,330002392.0,165001196.0,165001196.0,327459781.0,2542611.0,99.23
West Moreton,National Health Reform Agreement,2020,338558784.0,170972186.0,167586598.0,323745997.0,14812787.0,95.62
West Moreton,National Health Reform Agreement,2021,337464519.0,172106905.0,165357614.0,336744659.0,719860.0,99.79
West Moreton,National Health Reform Agreement,2022,348028610.0,179234734.0,168793876.0,346375934.0,1652676.0,99.53
West Moreton,National Health Reform Agreement,2023,379924416.0,197560696.0,182363720.0,362924770.0,16999647.0,95.53
West Moreton,National Health Reform Agreement,2024,379723749.0,199354968.0,180368781.0,364161324.0,15562424.0,95.9
West Moreton,Preventive Health,2019,30667392.0,15333696.0,15333696.0,29532568.0,1134823.0,96.3
West Moreton,Preventive Health,2020,30235486.0,15268920.0,14966566.0,29297457.0,938029.0,96.9
West Moreton,Preventive Health,2021,31793689.0,16214782.0,15578908.0,30388518.0,1405172.0,95.58
West Moreton,Preventive Health,2022,32389550.0,16680618.0,15708932.0,31483102.0,906448.0,97.2
West Moreton,Preventive Health,2023,32471063.0,16884953.0,15586110.0,30688911.0,1782152.0,94.51
West Moreton,Preventive Health,2024,33224943.0,17443095.0,15781848.0,32414002.0,810941.0,97.56
West Moreton,Public Health,2019,40510197.0,20255098.0,20255098.0,40099910.0,410287.0,98.99
West Moreton,Public Health,2020,44168509.0,22305097.0,21863412.0,42950680.0,1217829.0,97.24
West Moreton,Public Health,2021,44724810.0,22809653.0,21915157.0,42473445.0,2251365.0,94.97
West Moreton,Public Health,2022,44130744.0,22727333.0,21403411.0,41920582.0,2210163.0,94.99
West Moreton,Public Health,2023,47148144.0,24517035.0,22631109.0,45790898.0,1357246.0,97.12
West Moreton,Public Health,2024,49821041.0,26156047.0,23664995.0,46601153.0,3219888.0,93.54
West Moreton,Teaching & Research,2019,43212301.0,21606151.0,21606151.0,40349659.0,2862643.0,93.38
West Moreton,Teaching & Research,2020,41735286.0,21076319.0,20658967.0,40293544.0,1441742.0,96.55
West Moreton,Teaching & Research,2021,44243294.0,22564080.0,21679214.0,42830312.0,1412982.0,96.81
West Moreton,Teaching & Research,2022,47059261.0,24235519.0,22823742.0,44067832.0,2991429.0,93.64
West Moreton,Teaching & Research,2023,47503704.0,24701926.0,22801778.0,45547726.0,1955977.0,95.88
West Moreton,Teaching & Research,2024,48853125.0,25647891.0,23205235.0,46373516.0,2479610.0,94.92
Wide Bay,Capital Funding,2019,24732563.0,12366281.0,12366281.0,24714096.0,18467.0,99.93
Wide Bay,Capital Funding,2020,24118734.0,12179961.0,11938773.0,23162512.0,956221.0,96.04
Wide Bay,Capital Funding,2021,26530806.0,13530711.0,13000095.0,25414918.0,1115888.0,95.79
Wide Bay,Capital Funding,2022,27182830.0,13999157.0,13183673.0,27072419.0,110411.0,99.59
Wide Bay,Capital Funding,2023,28118986.0,14621873.0,13497113.0,26760524.0,1358462.0,95.17
Wide Bay,Capital Funding,2024,28136489.0,14771657.0,13364832.0,26336265.0,1800224.0,93.6
Wide Bay,Indigenous Health,2019,32301225.0,16150612.0,16150612.0,30751290.0,1549935.0,95.2
Wide Bay,Indigenous Health,2020,32858374.0,16593479.0,16264895.0,32066632.0,791742.0,97.59
Wide Bay,Indigenous Health,2021,34094339.0,17388113.0,16706226.0,33221386.0,872953.0,97.44
Wide Bay,Indigenous Health,2022,34946179.0,17997282.0,16948897.0,34701515.0,244664.0,99.3
Wide Bay,Indigenous Health,2023,35126129.0,18265587.0,16860542.0,34165969.0,960160.0,97.27
Wide Bay,Indigenous Health,2024,37044419.0,19448320.0,17596099.0,35835917.0,1208502.0,96.74
Wide Bay,Mental Health,2019,50325560.0,25162780.0,25162780.0,49601811.0,723749.0,98.56
Wide Bay,Mental Health,2020,51059154.0,25784873.0,25274281.0,47856996.0,3202159.0,93.73
Wide Bay,Mental Health,2021,52723736.0,26889105.0,25834631.0,50654394.0,2069342.0,96.08
Wide Bay,Mental Health,2022,52479082.0,27026727.0,25452355.0,51299430.0,1179652.0,97.75
Wide Bay,Mental Health,2023,54648140.0,28417033.0,26231107.0,52149255.0,2498884.0,95.43
Wide Bay,Mental Health,2024,55220041.0,28990521.0,26229519.0,52609930.0,2610111.0,95.27
Wide Bay,National Health Reform Agreement,2019,221712015.0,110856007.0,110856007.0,216228432.0,5483583.0,97.53
Wide Bay,National Health Reform Agreement,2020,234618357.0,118482270.0,116136087.0,224143237.0,10475120.0,95.54
Wide Bay,National Health Reform Agreement,2021,244955121.0,124927112.0,120028010.0,236875611.0,8079510.0,96.7
Wide Bay,National Health Reform Agreement,2022,249344611.0,128412475.0,120932136.0,236919885.0,12424726.0,95.02
Wide Bay,National Health Reform Agreement,2023,241450270.0,125554141.0,115896130.0,235885615.0,5564656.0,97.7
Wide Bay,National Health Reform Agreement,2024,261572056.0,137325329.0,124246727.0,255568285.0,6003771.0,97.7
Wide Bay,Preventive Health,2019,19491288.0,9745644.0,9745644.0,18580298.0,910990.0,95.33
Wide Bay,Preventive Health,2020,21366884.0,10790276.0,10576608.0,20667399.0,699485.0,96.73
Wide Bay,Preventive Health,2021,21954923.0,11197011.0,10757912.0,20732827.0,1222097.0,94.43
Wide Bay,Preventive Health,2022,22290733.0,11479727.0,10811005.0,20983517.0,1307216.0,94.14
Wide Bay,Preventive Health,2023,23487935.0,12213726.0,11274209.0,23248329.0,239607.0,98.98
Wide Bay,Preventive Health,2024,24102419.0,12653770.0,11448649.0,23700544.0,401875.0,98.33
Wide Bay,Public Health,2019,28784040.0,14392020.0,14392020.0,28433993.0,350047.0,98.78
Wide Bay,Public Health,2020,29568143.0,14931912.0,14636231.0,27931961.0,1636182.0,94.47
Wide Bay,Public Health,2021,28981520.0,14780575.0,14200945.0,28418475.0,563045.0,98.06
Wide Bay,Public Health,2022,31517468.0,16231496.0,15285972.0,31486524.0,30944.0,99.9
Wide Bay,Public Health,2023,31618721.0,16441735.0,15176986.0,30325398.0,1293324.0,95.91
Wide Bay,Public Health,2024,31710816.0,16648179.0,15062638.0,29954424.0,1756392.0,94.46
Wide Bay,Teaching & Research,2019,27814826.0,13907413.0,13907413.0,27571426.0,243400.0,99.12
Wide Bay,Teaching & Research,2020,29399485.0,14846740.0,14552745.0,29145544.0,253942.0,99.14
Wide Bay,Teaching & Research,2021,30017935.0,15309147.0,14708788.0,29705441.0,312494.0,98.96
Wide Bay,Teaching & Research,2022,30345053.0,15627702.0,14717351.0,29859652.0,485401.0,98.4
Wide Bay,Teaching & Research,2023,33089279.0,17206425.0,15882854.0,31189107.0,1900173.0,94.26
Wide Bay,Teaching & Research,2024,33765822.0,17727057.0,16038766.0,33099300.0,666523.0,98.03
