HHS,Care_Type,Year,NWA_Units,ABF_Funded,Actual_Cost,Variance,Variance_Pct
Cairns and Hinterland,Admitted Acute,2019,51932.7,260286924.0,269752813.0,-9465889.0,-3.64
Cairns and Hinterland,Admitted Acute,2020,45500.4,233280703.0,237141717.0,-3861013.0,-1.66
Cairns and Hinterland,Admitted Acute,2021,50664.700000000004,265178853.0,272013272.0,-6834419.0,-2.58
Cairns and Hinterland,Admitted Acute,2022,54421.6,293277981.0,297514739.0,-4236758.0,-1.44
Cairns and Hinterland,Admitted Acute,2023,58857.2,324420794.0,336062787.0,-11641993.0,-3.59
Cairns and Hinterland,Admitted Acute,2024,61933.5,351657826.0,373918033.0,-22260208.0,-6.33
Cairns and Hinterland,Admitted Subacute,2019,11605.3,58165943.0,59588119.0,-1422177.0,-2.45
Cairns and Hinterland,Admitted Subacute,2020,11074.7,56779717.0,59972485.0,-3192767.0,-5.62
Cairns and Hinterland,Admitted Subacute,2021,11352.2,59416820.0,58265827.0,1150993.0,1.94
Cairns and Hinterland,Admitted Subacute,2022,12803.6,68998725.0,71780089.0,-2781364.0,-4.03
Cairns and Hinterland,Admitted Subacute,2023,12810.7,70612965.0,74189434.0,-3576469.0,-5.06
Cairns and Hinterland,Admitted Subacute,2024,13417.1,76181603.0,80212359.0,-4030757.0,-5.29
Cairns and Hinterland,Emergency Department,2019,27655.9,138611232.0,138796827.0,-185594.0,-0.13
Cairns and Hinterland,Emergency Department,2020,26704.1,136912143.0,141646966.0,-4734823.0,-3.46
Cairns and Hinterland,Emergency Department,2021,27898.4,146019851.0,154831505.0,-8811656.0,-6.03
Cairns and Hinterland,Emergency Department,2022,29748.0,160311955.0,164541262.0,-4229307.0,-2.64
Cairns and Hinterland,Emergency Department,2023,31416.6,173168453.0,180420257.0,-7251803.0,-4.19
Cairns and Hinterland,Emergency Department,2024,32433.800000000003,184159263.0,192397928.0,-8238665.0,-4.47
Cairns and Hinterland,Maternity,2019,5114.8,25635053.0,27258354.0,-1623302.0,-6.33
Cairns and Hinterland,Maternity,2020,4675.3,23970090.0,23881581.0,88509.0,0.37
Cairns and Hinterland,Maternity,2021,5177.0,27096799.0,27840193.0,-743395.0,-2.74
Cairns and Hinterland,Maternity,2022,5665.2,30529701.0,30831432.0,-301731.0,-0.99
Cairns and Hinterland,Maternity,2023,5832.6,32149491.0,32819011.0,-669520.0,-2.08
Cairns and Hinterland,Maternity,2024,5712.3,32434353.0,33499083.0,-1064731.0,-3.28
Cairns and Hinterland,Mental Health,2019,8931.4,44764152.0,47141877.0,-2377725.0,-5.31
Cairns and Hinterland,Mental Health,2020,8138.3,41724775.0,43836242.0,-2111467.0,-5.06
Cairns and Hinterland,Mental Health,2021,9226.3,48290095.0,48277211.0,12885.0,0.03
Cairns and Hinterland,Mental Health,2022,9569.5,51570273.0,53212295.0,-1642022.0,-3.18
Cairns and Hinterland,Mental Health,2023,9945.9,54821928.0,53426971.0,1394957.0,2.54
Cairns and Hinterland,Mental Health,2024,10656.8,60509422.0,64717035.0,-4207613.0,-6.95
Cairns and Hinterland,Outpatient,2019,22587.6,113208633.0,118055518.0,-4846886.0,-4.28
Cairns and Hinterland,Outpatient,2020,20445.6,104824782.0,110968671.0,-6143888.0,-5.86
Cairns and Hinterland,Outpatient,2021,23215.3,121509130.0,132072288.0,-10563158.0,-8.69
Cairns and Hinterland,Outpatient,2022,26165.3,141005430.0,142967170.0,-1961740.0,-1.39
Cairns and Hinterland,Outpatient,2023,25456.5,140316726.0,148716211.0,-8399487.0,-5.99
Cairns and Hinterland,Outpatient,2024,26517.8,150568627.0,155720888.0,-5152261.0,-3.42
Central Queensland,Admitted Acute,2019,44888.2,224979388.0,231633764.0,-6654375.0,-2.96
Central Queensland,Admitted Acute,2020,38564.1,197718160.0,194340282.0,3377879.0,1.71
Central Queensland,Admitted Acute,2021,45115.3,236133573.0,241591303.0,-5457731.0,-2.31
Central Queensland,Admitted Acute,2022,48648.7,262167206.0,268958233.0,-6791028.0,-2.59
Central Queensland,Admitted Acute,2023,48245.0,265926766.0,282385509.0,-16458744.0,-6.19
Central Queensland,Admitted Acute,2024,50972.5,289421979.0,297034685.0,-7612706.0,-2.63
Central Queensland,Admitted Subacute,2019,9970.6,49972423.0,51257448.0,-1285025.0,-2.57
Central Queensland,Admitted Subacute,2020,8971.3,45995657.0,47991701.0,-1996045.0,-4.34
Central Queensland,Admitted Subacute,2021,9550.1,49984936.0,52853591.0,-2868656.0,-5.74
Central Queensland,Admitted Subacute,2022,10571.3,56968716.0,59591658.0,-2622942.0,-4.6
Central Queensland,Admitted Subacute,2023,10889.9,60024969.0,62578510.0,-2553541.0,-4.25
Central Queensland,Admitted Subacute,2024,11442.8,64972239.0,65273686.0,-301448.0,-0.46
Central Queensland,Emergency Department,2019,24253.1,121556411.0,126980785.0,-5424373.0,-4.46
Central Queensland,Emergency Department,2020,21963.300000000003,112605861.0,109862513.0,2743349.0,2.44
Central Queensland,Emergency Department,2021,23588.5,123462166.0,126596660.0,-3134494.0,-2.54
Central Queensland,Emergency Department,2022,26453.4,142557288.0,146111574.0,-3554287.0,-2.49
Central Queensland,Emergency Department,2023,26413.6,145591730.0,148181500.0,-2589770.0,-1.78
Central Queensland,Emergency Department,2024,26878.3,152614645.0,155567420.0,-2952773.0,-1.93
Central Queensland,Maternity,2019,4320.0,21651776.0,22944607.0,-1292830.0,-5.97
Central Queensland,Maternity,2020,3938.7,20193078.0,20083453.0,109625.0,0.54
Central Queensland,Maternity,2021,4398.8,23023117.0,24888509.0,-1865392.0,-8.1
Central Queensland,Maternity,2022,4871.900000000001,26254362.0,27426509.0,-1172147.0,-4.46
Central Queensland,Maternity,2023,4841.6,26687523.0,28667816.0,-1980292.0,-7.42
Central Queensland,Maternity,2024,4943.3,28068209.0,29228399.0,-1160191.0,-4.13
Central Queensland,Mental Health,2019,7769.4,38940349.0,41752153.0,-2811805.0,-7.22
Central Queensland,Mental Health,2020,6795.4,34840118.0,37506055.0,-2665938.0,-7.65
Central Queensland,Mental Health,2021,7663.0,40108265.0,40064769.0,43496.0,0.11
Central Queensland,Mental Health,2022,8240.5,44408280.0,44765942.0,-357662.0,-0.81
Central Queensland,Mental Health,2023,8536.3,47051871.0,49198840.0,-2146969.0,-4.56
Central Queensland,Mental Health,2024,8730.6,49572566.0,51596540.0,-2023973.0,-4.08
Central Queensland,Outpatient,2019,18762.7,94038785.0,95761819.0,-1723034.0,-1.83
Central Queensland,Outpatient,2020,17407.1,89246099.0,90777257.0,-1531158.0,-1.72
Central Queensland,Outpatient,2021,19893.4,104122393.0,103616122.0,506271.0,0.49
Central Queensland,Outpatient,2022,21493.8,115830257.0,118813377.0,-2983119.0,-2.58
Central Queensland,Outpatient,2023,21548.9,118777935.0,123758058.0,-4980123.0,-4.19
Central Queensland,Outpatient,2024,22925.5,130170997.0,139173013.0,-9002017.0,-6.92
Darling Downs,Admitted Acute,2019,48704.8,244108560.0,256964663.0,-12856104.0,-5.27
Darling Downs,Admitted Acute,2020,44318.6,227221178.0,236679980.0,-9458801.0,-4.16
Darling Downs,Admitted Acute,2021,48393.5,253291608.0,262395165.0,-9103557.0,-3.59
Darling Downs,Admitted Acute,2022,49914.8,268990642.0,275231514.0,-6240872.0,-2.32
Darling Downs,Admitted Acute,2023,54026.0,297791493.0,303888522.0,-6097029.0,-2.05
Darling Downs,Admitted Acute,2024,54882.7,311623892.0,312249533.0,-625641.0,-0.2
Darling Downs,Admitted Subacute,2019,10694.0,53597783.0,54224421.0,-626638.0,-1.17
Darling Downs,Admitted Subacute,2020,9950.1,51014508.0,54164520.0,-3150014.0,-6.17
Darling Downs,Admitted Subacute,2021,10555.0,55244946.0,58887922.0,-3642975.0,-6.59
Darling Downs,Admitted Subacute,2022,11524.7,62106625.0,65021353.0,-2914728.0,-4.69
Darling Downs,Admitted Subacute,2023,11714.6,64570593.0,65632422.0,-1061829.0,-1.64
Darling Downs,Admitted Subacute,2024,12141.6,68940507.0,71446033.0,-2505528.0,-3.63
Darling Downs,Emergency Department,2019,25594.9,128281646.0,133942663.0,-5661017.0,-4.41
Darling Downs,Emergency Department,2020,24302.0,124596078.0,128949017.0,-4352938.0,-3.49
Darling Downs,Emergency Department,2021,26364.0,137989573.0,142071045.0,-4081472.0,-2.96
Darling Downs,Emergency Department,2022,28116.5,151519820.0,157730730.0,-6210910.0,-4.1
Darling Downs,Emergency Department,2023,29430.6,162221965.0,162029873.0,192091.0,0.12
Darling Downs,Emergency Department,2024,30539.8,173405113.0,178301178.0,-4896065.0,-2.82
Darling Downs,Maternity,2019,4677.8,23444795.0,25058952.0,-1614156.0,-6.88
Darling Downs,Maternity,2020,4416.1,22641544.0,23166802.0,-525257.0,-2.32
Darling Downs,Maternity,2021,4657.2,24376065.0,25204827.0,-828762.0,-3.4
Darling Downs,Maternity,2022,5053.2,27231958.0,28382561.0,-1150603.0,-4.23
Darling Downs,Maternity,2023,5145.5,28361802.0,28692347.0,-330543.0,-1.17
Darling Downs,Maternity,2024,5564.0,31592313.0,32833537.0,-1241223.0,-3.93
Darling Downs,Mental Health,2019,8413.2,42166530.0,46290288.0,-4123759.0,-9.78
Darling Downs,Mental Health,2020,7616.6,39050365.0,41423338.0,-2372973.0,-6.08
Darling Downs,Mental Health,2021,8179.2,42809932.0,43875162.0,-1065230.0,-2.49
Darling Downs,Mental Health,2022,9153.9,49331013.0,50099384.0,-768370.0,-1.56
Darling Downs,Mental Health,2023,9289.1,51201843.0,53348699.0,-2146857.0,-4.19
Darling Downs,Mental Health,2024,9481.9,53837904.0,57300248.0,-3462344.0,-6.43
Darling Downs,Outpatient,2019,21582.2,108169756.0,105702311.0,2467443.0,2.28
Darling Downs,Outpatient,2020,19387.9,99401961.0,101312536.0,-1910574.0,-1.92
Darling Downs,Outpatient,2021,21158.0,110741230.0,116589591.0,-5848362.0,-5.28
Darling Downs,Outpatient,2022,22276.4,120048005.0,128190740.0,-8142734.0,-6.78
Darling Downs,Outpatient,2023,23492.8,129492559.0,140498442.0,-11005884.0,-8.5
Darling Downs,Outpatient,2024,24422.0,138668666.0,136967512.0,1701154.0,1.23
Gold Coast,Admitted Acute,2019,110298.9,552817499.0,596613869.0,-43796371.0,-7.92
Gold Coast,Admitted Acute,2020,101137.0,518529034.0,539506484.0,-20977450.0,-4.05
Gold Coast,Admitted Acute,2021,109402.9,572615215.0,619678007.0,-47062793.0,-8.22
Gold Coast,Admitted Acute,2022,120108.8,647266717.0,705007652.0,-57740935.0,-8.92
Gold Coast,Admitted Acute,2023,126918.29999999999,699572859.0,748207990.0,-48635131.0,-6.95
Gold Coast,Admitted Acute,2024,122049.9,692999731.0,711938445.0,-18938713.0,-2.73
Gold Coast,Admitted Subacute,2019,24790.1,124247648.0,128624480.0,-4376832.0,-3.52
Gold Coast,Admitted Subacute,2020,22839.5,117097774.0,124828710.0,-7730936.0,-6.6
Gold Coast,Admitted Subacute,2021,24684.9,129201005.0,129987884.0,-786880.0,-0.61
Gold Coast,Admitted Subacute,2022,27087.1,145972870.0,156151524.0,-10178655.0,-6.97
Gold Coast,Admitted Subacute,2023,27256.5,150237592.0,158611672.0,-8374080.0,-5.57
Gold Coast,Admitted Subacute,2024,27101.6,153883222.0,151898351.0,1984871.0,1.29
Gold Coast,Emergency Department,2019,63447.4,317998439.0,338075379.0,-20076939.0,-6.31
Gold Coast,Emergency Department,2020,53760.5,275630141.0,276412504.0,-782363.0,-0.28
Gold Coast,Emergency Department,2021,62874.5,329084966.0,346244923.0,-17159956.0,-5.21
Gold Coast,Emergency Department,2022,67586.1,364222463.0,382557027.0,-18334565.0,-5.03
Gold Coast,Emergency Department,2023,66463.6,366347324.0,373974689.0,-7627363.0,-2.08
Gold Coast,Emergency Department,2024,68248.4,387514490.0,394480688.0,-6966198.0,-1.8
Gold Coast,Maternity,2019,11298.900000000001,56630273.0,59096690.0,-2466416.0,-4.36
Gold Coast,Maternity,2020,10071.6,51636888.0,53774648.0,-2137762.0,-4.14
Gold Coast,Maternity,2021,11318.0,59238305.0,62347237.0,-3108932.0,-5.25
Gold Coast,Maternity,2022,11611.699999999999,62575116.0,63859338.0,-1284224.0,-2.05
Gold Coast,Maternity,2023,12851.1,70835300.0,72443403.0,-1608104.0,-2.27
Gold Coast,Maternity,2024,12776.0,72542250.0,73065936.0,-523686.0,-0.72
Gold Coast,Mental Health,2019,18924.7,94850802.0,94106194.0,744609.0,0.79
Gold Coast,Mental Health,2020,17395.0,89184040.0,96004816.0,-6820773.0,-7.65
Gold Coast,Mental Health,2021,19327.0,101157595.0,105601475.0,-4443881.0,-4.39
Gold Coast,Mental Health,2022,21400.5,115327201.0,119546961.0,-4219759.0,-3.66
Gold Coast,Mental Health,2023,22069.1,121645268.0,123010631.0,-1365364.0,-1.12
Gold Coast,Mental Health,2024,22610.4,128381531.0,132409699.0,-4028167.0,-3.14
Gold Coast,Outpatient,2019,50932.2,255272221.0,259996694.0,-4724472.0,-1.85
Gold Coast,Outpatient,2020,46124.5,236480455.0,256042695.0,-19562242.0,-8.27
Gold Coast,Outpatient,2021,47867.6,250538945.0,253337740.0,-2798794.0,-1.12
Gold Coast,Outpatient,2022,54204.1,292105984.0,297000890.0,-4894904.0,-1.68
Gold Coast,Outpatient,2023,53667.6,295815875.0,306597572.0,-10781698.0,-3.64
Gold Coast,Outpatient,2024,58792.4,333823735.0,341612417.0,-7788681.0,-2.33
Mackay,Admitted Acute,2019,30812.1,154430255.0,156008881.0,-1578626.0,-1.02
Mackay,Admitted Acute,2020,29206.0,149738709.0,155490534.0,-5751828.0,-3.84
Mackay,Admitted Acute,2021,31019.2,162354114.0,170399926.0,-8045811.0,-4.96
Mackay,Admitted Acute,2022,35027.2,188761648.0,196149166.0,-7387517.0,-3.91
Mackay,Admitted Acute,2023,35152.3,193758914.0,206331803.0,-12572890.0,-6.49
Mackay,Admitted Acute,2024,35354.6,200743182.0,211055663.0,-10312480.0,-5.14
Mackay,Admitted Subacute,2019,7108.3,35626706.0,36792770.0,-1166065.0,-3.27
Mackay,Admitted Subacute,2020,6345.0,32530261.0,33520568.0,-990306.0,-3.04
Mackay,Admitted Subacute,2021,7077.1,37041059.0,38866624.0,-1825564.0,-4.93
Mackay,Admitted Subacute,2022,7648.1,41215519.0,44329031.0,-3113513.0,-7.55
Mackay,Admitted Subacute,2023,7702.9,42458731.0,45754244.0,-3295511.0,-7.76
Mackay,Admitted Subacute,2024,7666.7,43531316.0,44945592.0,-1414275.0,-3.25
Mackay,Emergency Department,2019,16771.1,84057262.0,87322140.0,-3264879.0,-3.88
Mackay,Emergency Department,2020,15078.4,77307495.0,78388684.0,-1081190.0,-1.4
Mackay,Emergency Department,2021,17291.7,90505162.0,89961238.0,543923.0,0.6
Mackay,Emergency Department,2022,18939.0,102062107.0,108284462.0,-6222357.0,-6.1
Mackay,Emergency Department,2023,19121.4,105397812.0,108982279.0,-3584467.0,-3.4
Mackay,Emergency Department,2024,19110.1,108507188.0,107857411.0,649776.0,0.6
Mackay,Maternity,2019,3030.7,15190248.0,15367270.0,-177021.0,-1.17
Mackay,Maternity,2020,2830.9,14514473.0,15387870.0,-873397.0,-6.02
Mackay,Maternity,2021,2998.2,15692858.0,16791253.0,-1098395.0,-7.0
Mackay,Maternity,2022,3414.4,18399944.0,19808293.0,-1408349.0,-7.65
Mackay,Maternity,2023,3565.0,19650258.0,20631188.0,-980932.0,-4.99
Mackay,Maternity,2024,3530.7,20047030.0,20885817.0,-838788.0,-4.18
Mackay,Mental Health,2019,5597.5,28054736.0,28216746.0,-162011.0,-0.58
Mackay,Mental Health,2020,4869.8,24967038.0,25909823.0,-942783.0,-3.78
Mackay,Mental Health,2021,5575.6,29182413.0,30736262.0,-1553849.0,-5.32
Mackay,Mental Health,2022,5857.7,31566562.0,31814459.0,-247897.0,-0.79
Mackay,Mental Health,2023,6042.5,33306295.0,35473161.0,-2166867.0,-6.51
Mackay,Mental Health,2024,6483.9,36815874.0,38594381.0,-1778507.0,-4.83
Mackay,Outpatient,2019,14631.5,73333169.0,75692271.0,-2359100.0,-3.22
Mackay,Outpatient,2020,12782.2,65534513.0,66555426.0,-1020914.0,-1.56
Mackay,Outpatient,2021,14200.7,74326183.0,78140432.0,-3814247.0,-5.13
Mackay,Outpatient,2022,14826.300000000001,79898969.0,85543802.0,-5644833.0,-7.06
Mackay,Outpatient,2023,16513.0,91019638.0,95443854.0,-4424216.0,-4.86
Mackay,Outpatient,2024,15864.3,90077912.0,92624466.0,-2546553.0,-2.83
Metro North,Admitted Acute,2019,179061.6,897456916.0,908307629.0,-10850712.0,-1.21
Metro North,Admitted Acute,2020,153651.7,787772045.0,787910717.0,-138672.0,-0.02
Metro North,Admitted Acute,2021,161271.7,844096042.0,888942622.0,-44846580.0,-5.31
Metro North,Admitted Acute,2022,180317.2,971729826.0,956252545.0,15477281.0,1.59
Metro North,Admitted Acute,2023,180543.7,995156994.0,1057847529.0,-62690534.0,-6.3
Metro North,Admitted Acute,2024,183269.9,1040606696.0,1072773704.0,-32167008.0,-3.09
Metro North,Admitted Subacute,2019,38522.7,193075780.0,201227027.0,-8151249.0,-4.22
Metro North,Admitted Subacute,2020,32382.5,166024641.0,164980643.0,1043998.0,0.63
Metro North,Admitted Subacute,2021,37502.7,196289469.0,199106044.0,-2816574.0,-1.43
Metro North,Admitted Subacute,2022,40997.7,220936900.0,236967844.0,-16030944.0,-7.26
Metro North,Admitted Subacute,2023,41301.5,227653359.0,238952274.0,-11298916.0,-4.96
Metro North,Admitted Subacute,2024,43601.7,247570753.0,249418884.0,-1848131.0,-0.75
Metro North,Emergency Department,2019,97006.2,486194897.0,498094980.0,-11900083.0,-2.45
Metro North,Emergency Department,2020,83538.1,428299563.0,442219750.0,-13920188.0,-3.25
Metro North,Emergency Department,2021,92565.0,484484762.0,502425806.0,-17941044.0,-3.7
Metro North,Emergency Department,2022,96661.20000000001,520907808.0,540293423.0,-19385616.0,-3.72
Metro North,Emergency Department,2023,104282.7,574805799.0,600068252.0,-25262452.0,-4.39
Metro North,Emergency Department,2024,99460.0,564734352.0,579475782.0,-14741431.0,-2.61
Metro North,Maternity,2019,16347.7,81934804.0,87024379.0,-5089576.0,-6.21
Metro North,Maternity,2020,15128.1,77561808.0,79693319.0,-2131512.0,-2.75
Metro North,Maternity,2021,17130.1,89658831.0,93293336.0,-3634504.0,-4.05
Metro North,Maternity,2022,18136.5,97737603.0,102957244.0,-5219641.0,-5.34
Metro North,Maternity,2023,17733.9,97749136.0,106051051.0,-8301915.0,-8.49
Metro North,Maternity,2024,18185.0,103254464.0,111272866.0,-8018403.0,-7.77
Metro North,Mental Health,2019,30036.9,150544933.0,156524755.0,-5979822.0,-3.97
Metro North,Mental Health,2020,26522.9,135982627.0,143058475.0,-7075848.0,-5.2
Metro North,Mental Health,2021,29516.6,154489750.0,158206829.0,-3717079.0,-2.41
Metro North,Mental Health,2022,30705.699999999997,165472969.0,169625731.0,-4152763.0,-2.51
Metro North,Mental Health,2023,32179.9,177374968.0,187357751.0,-9982783.0,-5.63
Metro North,Mental Health,2024,34457.5,195649869.0,200131956.0,-4482089.0,-2.29
Metro North,Outpatient,2019,75659.9,379207393.0,396399902.0,-17192510.0,-4.53
Metro North,Outpatient,2020,67477.7,345958051.0,368787741.0,-22829689.0,-6.6
Metro North,Outpatient,2021,74826.20000000001,391640516.0,390587201.0,1053315.0,0.27
Metro North,Outpatient,2022,79491.9,428381870.0,453925190.0,-25543319.0,-5.96
Metro North,Outpatient,2023,85615.2,471910452.0,489805829.0,-17895377.0,-3.79
Metro North,Outpatient,2024,86210.6,489504174.0,491013285.0,-1509110.0,-0.31
Metro South,Admitted Acute,2019,154774.9,775732041.0,801645222.0,-25913182.0,-3.34
Metro South,Admitted Acute,2020,140578.8,720747506.0,738206261.0,-17458757.0,-2.42
Metro South,Admitted Acute,2021,156653.4,819923927.0,855361654.0,-35437727.0,-4.32
Metro South,Admitted Acute,2022,165076.2,889595146.0,907115699.0,-17520551.0,-1.97
Metro South,Admitted Acute,2023,176318.8,971868754.0,986977753.0,-15108998.0,-1.55
Metro South,Admitted Acute,2024,171307.6,972684376.0,994236630.0,-21552254.0,-2.22
Metro South,Admitted Subacute,2019,36207.4,181471791.0,187147569.0,-5675779.0,-3.13
Metro South,Admitted Subacute,2020,30191.5,154791818.0,165656249.0,-10864432.0,-7.02
Metro South,Admitted Subacute,2021,33858.4,177215358.0,187176538.0,-9961179.0,-5.62
Metro South,Admitted Subacute,2022,36831.7,198485665.0,209343479.0,-10857816.0,-5.47
Metro South,Admitted Subacute,2023,39185.1,215988748.0,224534503.0,-8545755.0,-3.96
Metro South,Admitted Subacute,2024,38987.5,221371468.0,236049679.0,-14678211.0,-6.63
Metro South,Emergency Department,2019,86756.3,434822888.0,446219954.0,-11397065.0,-2.62
Metro South,Emergency Department,2020,74902.0,384022838.0,415695237.0,-31672399.0,-8.25
Metro South,Emergency Department,2021,88129.2,461268766.0,487853799.0,-26585032.0,-5.76
Metro South,Emergency Department,2022,95435.1,514299624.0,529699644.0,-15400021.0,-2.99
Metro South,Emergency Department,2023,92532.2,510037581.0,522099536.0,-12061955.0,-2.36
Metro South,Emergency Department,2024,94318.5,535540786.0,534451273.0,1089512.0,0.2
Metro South,Maternity,2019,15467.7,77524346.0,78328561.0,-804215.0,-1.04
Metro South,Maternity,2020,14061.7,72094684.0,75270592.0,-3175908.0,-4.41
Metro South,Maternity,2021,15762.4,82500692.0,84771759.0,-2271068.0,-2.75
Metro South,Maternity,2022,17132.9,92329124.0,96614355.0,-4285231.0,-4.64
Metro South,Maternity,2023,17536.0,96658126.0,102518454.0,-5860329.0,-6.06
Metro South,Maternity,2024,18306.1,103941449.0,106099852.0,-2158402.0,-2.08
Metro South,Mental Health,2019,27907.8,139873581.0,145611285.0,-5737703.0,-4.1
Metro South,Mental Health,2020,24383.8,125015464.0,125211264.0,-195800.0,-0.16
Metro South,Mental Health,2021,27389.5,143356357.0,149244419.0,-5888061.0,-4.11
Metro South,Mental Health,2022,30663.2,165244566.0,170114051.0,-4869485.0,-2.95
Metro South,Mental Health,2023,29875.0,164671076.0,168528382.0,-3857304.0,-2.34
Metro South,Mental Health,2024,30545.699999999997,173438945.0,176040530.0,-2601585.0,-1.5
Metro South,Outpatient,2019,66603.1,333815200.0,352529533.0,-18714331.0,-5.61
Metro South,Outpatient,2020,62786.3,321906095.0,323628463.0,-1722369.0,-0.54
Metro South,Outpatient,2021,70344.7,368183940.0,375621990.0,-7438050.0,-2.02
Metro South,Outpatient,2022,74276.59999999999,400276928.0,409220338.0,-8943409.0,-2.23
Metro South,Outpatient,2023,77265.9,425889650.0,425861052.0,28597.0,0.01
Metro South,Outpatient,2024,76186.6,432587831.0,444216658.0,-11628828.0,-2.69
North West,Admitted Acute,2019,9769.7,48965361.0,49680989.0,-715627.0,-1.46
North West,Admitted Acute,2020,8998.9,46137590.0,47597942.0,-1460352.0,-3.17
North West,Admitted Acute,2021,10052.0,52611920.0,53154669.0,-542749.0,-1.03
North West,Admitted Acute,2022,10777.2,58077912.0,58979976.0,-902064.0,-1.55
North West,Admitted Acute,2023,11227.0,61883183.0,62176834.0,-293651.0,-0.47
North West,Admitted Acute,2024,11377.699999999999,64602545.0,65792411.0,-1189866.0,-1.84
North West,Admitted Subacute,2019,2167.7,10864730.0,11192101.0,-327372.0,-3.01
North West,Admitted Subacute,2020,1992.0,10213371.0,10666012.0,-452641.0,-4.43
North West,Admitted Subacute,2021,2213.2,11583965.0,11766555.0,-182589.0,-1.58
North West,Admitted Subacute,2022,2366.1,12750759.0,13582979.0,-832220.0,-6.53
North West,Admitted Subacute,2023,2418.1,13328121.0,13756322.0,-428201.0,-3.21
North West,Admitted Subacute,2024,2537.6,14408815.0,14889115.0,-480299.0,-3.33
North West,Emergency Department,2019,5575.7,27945865.0,29997024.0,-2051158.0,-7.34
North West,Emergency Department,2020,4837.4,24801583.0,26352315.0,-1550732.0,-6.25
North West,Emergency Department,2021,5279.9,27634606.0,28301260.0,-666652.0,-2.41
North West,Emergency Department,2022,6172.3,33262245.0,33330929.0,-68686.0,-0.21
North West,Emergency Department,2023,6069.6,33455630.0,34246418.0,-790786.0,-2.36
North West,Emergency Department,2024,6170.9,35038249.0,36608741.0,-1570492.0,-4.48
North West,Maternity,2019,971.2,4867941.0,4781975.0,85965.0,1.77
North West,Maternity,2020,879.3,4507905.0,4804275.0,-296370.0,-6.57
North West,Maternity,2021,980.0,5129490.0,5311384.0,-181893.0,-3.55
North West,Maternity,2022,1086.6,5855553.0,5950480.0,-94928.0,-1.62
North West,Maternity,2023,1112.5,6131969.0,6519417.0,-387449.0,-6.32
North West,Maternity,2024,1119.1,6354246.0,6695051.0,-340805.0,-5.36
North West,Mental Health,2019,1749.8,8769768.0,9016058.0,-246291.0,-2.81
North West,Mental Health,2020,1615.0,8280145.0,8258309.0,21838.0,0.26
North West,Mental Health,2021,1725.9,9032960.0,9538548.0,-505588.0,-5.6
North West,Mental Health,2022,1879.7,10129230.0,10912984.0,-783753.0,-7.74
North West,Mental Health,2023,1913.8,10548929.0,11169509.0,-620579.0,-5.88
North West,Mental Health,2024,2014.3999999999999,11438285.0,12062027.0,-623742.0,-5.45
North West,Outpatient,2019,4478.1,22444432.0,22214654.0,229777.0,1.02
North West,Outpatient,2020,4054.6,20788145.0,21659828.0,-871685.0,-4.19
North West,Outpatient,2021,4599.2,24072328.0,25247717.0,-1175389.0,-4.88
North West,Outpatient,2022,4935.8,26598678.0,28263702.0,-1665025.0,-6.26
North West,Outpatient,2023,5177.6,28538382.0,28772811.0,-234428.0,-0.82
North West,Outpatient,2024,5297.2,30077080.0,30845937.0,-768858.0,-2.56
South West,Admitted Acute,2019,5701.4,28574937.0,28363408.0,211529.0,0.74
South West,Admitted Acute,2020,5423.8,27807963.0,29626124.0,-1818161.0,-6.54
South West,Admitted Acute,2021,5784.2,30274720.0,31597713.0,-1322993.0,-4.37
South West,Admitted Acute,2022,6464.9,34839460.0,35631484.0,-792024.0,-2.27
South West,Admitted Acute,2023,6449.3,35548883.0,36029974.0,-481090.0,-1.35
South West,Admitted Acute,2024,6815.6,38698586.0,39462997.0,-764412.0,-1.98
South West,Admitted Subacute,2019,1331.1,6671740.0,7176288.0,-504547.0,-7.56
South West,Admitted Subacute,2020,1201.4,6159580.0,6448071.0,-288489.0,-4.68
South West,Admitted Subacute,2021,1338.2,7004056.0,7064325.0,-60269.0,-0.86
South West,Admitted Subacute,2022,1523.0,8207677.0,8434016.0,-226341.0,-2.76
South West,Admitted Subacute,2023,1395.7,7692495.0,8204659.0,-512164.0,-6.66
South West,Admitted Subacute,2024,1478.2,8393166.0,8631241.0,-238072.0,-2.84
South West,Emergency Department,2019,3256.0,16319449.0,17180103.0,-860655.0,-5.27
South West,Emergency Department,2020,2947.7,15112742.0,14948103.0,164638.0,1.09
South West,Emergency Department,2021,3214.9,16827046.0,17407459.0,-580414.0,-3.45
South West,Emergency Department,2022,3680.7,19834816.0,20007987.0,-173171.0,-0.87
South West,Emergency Department,2023,3647.1,20102999.0,21092233.0,-989234.0,-4.92
South West,Emergency Department,2024,3754.0,21315418.0,22677016.0,-1361597.0,-6.39
South West,Maternity,2019,593.8,2975858.0,3032741.0,-56883.0,-1.91
South West,Maternity,2020,551.4,2827124.0,3015891.0,-188767.0,-6.68
South West,Maternity,2021,586.3,3068513.0,3103622.0,-35110.0,-1.14
South West,Maternity,2022,636.6,3430034.0,3540637.0,-110602.0,-3.22
South West,Maternity,2023,657.6,3624891.0,3668784.0,-43894.0,-1.21
South West,Maternity,2024,670.2,3805386.0,3833640.0,-28253.0,-0.74
South West,Mental Health,2019,1039.4,5209214.0,5504890.0,-295677.0,-5.68
South West,Mental Health,2020,934.5,4790616.0,4902420.0,-111805.0,-2.33
South West,Mental Health,2021,1060.1,5548454.0,5844442.0,-295987.0,-5.33
South West,Mental Health,2022,1141.8,6153149.0,6303251.0,-150102.0,-2.44
South West,Mental Health,2023,1175.7,6480299.0,6620472.0,-140172.0,-2.16
South West,Mental Health,2024,1206.1,6848190.0,6970905.0,-122714.0,-1.79
South West,Outpatient,2019,2771.5,13891029.0,14738394.0,-847365.0,-6.1
South West,Outpatient,2020,2448.0,12550911.0,12802017.0,-251105.0,-2.0
South West,Outpatient,2021,2742.5,14354107.0,14727522.0,-373414.0,-2.6
South West,Outpatient,2022,3001.8,16176649.0,16820695.0,-644046.0,-3.98
South West,Outpatient,2023,2812.3,15501430.0,15862199.0,-360770.0,-2.33
South West,Outpatient,2024,3023.3,17165646.0,16876764.0,288881.0,1.68
Sunshine Coast,Admitted Acute,2019,85996.1,431012240.0,426118219.0,4894021.0,1.14
Sunshine Coast,Admitted Acute,2020,76379.3,391596228.0,411793112.0,-20196884.0,-5.16
Sunshine Coast,Admitted Acute,2021,81253.0,425278161.0,428012328.0,-2734167.0,-0.64
Sunshine Coast,Admitted Acute,2022,91830.2,494872612.0,532435842.0,-37563228.0,-7.59
Sunshine Coast,Admitted Acute,2023,93920.5,517689980.0,534477039.0,-16787058.0,-3.24
Sunshine Coast,Admitted Acute,2024,92752.0,526646256.0,558819911.0,-32173655.0,-6.11
Sunshine Coast,Admitted Subacute,2019,18028.1,90356894.0,91355874.0,-998981.0,-1.11
Sunshine Coast,Admitted Subacute,2020,16821.4,86243166.0,87892578.0,-1649413.0,-1.91
Sunshine Coast,Admitted Subacute,2021,18335.300000000003,95967529.0,100812518.0,-4844989.0,-5.05
Sunshine Coast,Admitted Subacute,2022,20244.8,109098800.0,118755126.0,-9656326.0,-8.85
Sunshine Coast,Admitted Subacute,2023,20856.9,114963300.0,121262440.0,-6299140.0,-5.48
Sunshine Coast,Admitted Subacute,2024,20465.199999999997,116202114.0,121621927.0,-5419813.0,-4.66
Sunshine Coast,Emergency Department,2019,47247.799999999996,236805781.0,249551521.0,-12745740.0,-5.38
Sunshine Coast,Emergency Department,2020,42503.4,217915281.0,223585726.0,-5670444.0,-2.6
Sunshine Coast,Emergency Department,2021,45469.8,237989498.0,247082112.0,-9092615.0,-3.82
Sunshine Coast,Emergency Department,2022,49461.9,266550053.0,272333913.0,-5783860.0,-2.17
Sunshine Coast,Emergency Department,2023,52488.399999999994,289316189.0,295702006.0,-6385818.0,-2.21
Sunshine Coast,Emergency Department,2024,52201.5,296400541.0,305431441.0,-9030900.0,-3.05
Sunshine Coast,Maternity,2019,8591.9,43062611.0,43540124.0,-477513.0,-1.11
Sunshine Coast,Maternity,2020,7572.3,38822950.0,40173022.0,-1350073.0,-3.48
Sunshine Coast,Maternity,2021,8511.3,44548256.0,44584573.0,-36317.0,-0.08
Sunshine Coast,Maternity,2022,9092.2,48997401.0,50633564.0,-1636163.0,-3.34
Sunshine Coast,Maternity,2023,9633.5,53099368.0,56305834.0,-3206467.0,-6.04
Sunshine Coast,Maternity,2024,9255.300000000001,52551871.0,55938347.0,-3386477.0,-6.44
Sunshine Coast,Mental Health,2019,14916.0,74758660.0,77542564.0,-2783904.0,-3.72
Sunshine Coast,Mental Health,2020,12823.2,65744442.0,66564496.0,-820054.0,-1.25
Sunshine Coast,Mental Health,2021,14841.2,77678646.0,77415011.0,263634.0,0.34
Sunshine Coast,Mental Health,2022,15775.5,85013727.0,89485095.0,-4471368.0,-5.26
Sunshine Coast,Mental Health,2023,15450.1,85160995.0,89422661.0,-4261665.0,-5.0
Sunshine Coast,Mental Health,2024,16823.3,95522596.0,101199601.0,-5677006.0,-5.94
Sunshine Coast,Outpatient,2019,37661.600000000006,188760009.0,194800766.0,-6040757.0,-3.2
Sunshine Coast,Outpatient,2020,35449.8,181751461.0,186306392.0,-4554932.0,-2.51
Sunshine Coast,Outpatient,2021,36951.1,193401668.0,202661435.0,-9259765.0,-4.79
Sunshine Coast,Outpatient,2022,39637.3,213605654.0,213372919.0,232734.0,0.11
Sunshine Coast,Outpatient,2023,41853.1,230694771.0,254476011.0,-23781239.0,-10.31
Sunshine Coast,Outpatient,2024,40308.3,228870777.0,232042434.0,-3171656.0,-1.39
Torres and Cape,Admitted Acute,2019,7182.5,35998408.0,37683895.0,-1685486.0,-4.68
Torres and Cape,Admitted Acute,2020,6547.9,33571118.0,34593670.0,-1022552.0,-3.05
Torres and Cape,Admitted Acute,2021,7190.5,37635514.0,38869435.0,-1233922.0,-3.28
Torres and Cape,Admitted Acute,2022,7425.0,40013213.0,41556261.0,-1543049.0,-3.86
Torres and Cape,Admitted Acute,2023,7915.700000000001,43631668.0,44207436.0,-575769.0,-1.32
Torres and Cape,Admitted Acute,2024,7941.9,45094088.0,46709061.0,-1614973.0,-3.58
Torres and Cape,Admitted Subacute,2019,1638.1,8210093.0,8630248.0,-420155.0,-5.12
Torres and Cape,Admitted Subacute,2020,1466.0,7516228.0,7457425.0,58805.0,0.78
Torres and Cape,Admitted Subacute,2021,1578.2,8260149.0,8337222.0,-77074.0,-0.93
Torres and Cape,Admitted Subacute,2022,1780.7,9596338.0,10109116.0,-512778.0,-5.34
Torres and Cape,Admitted Subacute,2023,1822.2,10043809.0,10128237.0,-84428.0,-0.84
Torres and Cape,Admitted Subacute,2024,1828.8,10384627.0,11226961.0,-842334.0,-8.11
Torres and Cape,Emergency Department,2019,3876.6,19429821.0,20204353.0,-774532.0,-3.99
Torres and Cape,Emergency Department,2020,3632.4,18623551.0,19768498.0,-1144946.0,-6.15
Torres and Cape,Emergency Department,2021,3659.1,19151350.0,19239671.0,-88320.0,-0.46
Torres and Cape,Emergency Department,2022,4215.3,22715772.0,24212111.0,-1496339.0,-6.59
Torres and Cape,Emergency Department,2023,4601.9,25365541.0,25241516.0,124024.0,0.49
Torres and Cape,Emergency Department,2024,4423.2,25114622.0,26314412.0,-1199789.0,-4.78
Torres and Cape,Maternity,2019,731.8,3667339.0,3711051.0,-43712.0,-1.19
Torres and Cape,Maternity,2020,640.1,3281922.0,3370782.0,-88860.0,-2.71
Torres and Cape,Maternity,2021,714.1,3737259.0,3810906.0,-73648.0,-1.97
Torres and Cape,Maternity,2022,780.7,4207684.0,4419398.0,-211715.0,-5.03
Torres and Cape,Maternity,2023,785.5,4330191.0,4570462.0,-240270.0,-5.55
Torres and Cape,Maternity,2024,770.3,4373753.0,4768985.0,-395231.0,-9.04
Torres and Cape,Mental Health,2019,1286.9,6449918.0,6750300.0,-300383.0,-4.66
Torres and Cape,Mental Health,2020,1145.5,5873232.0,6026580.0,-153347.0,-2.61
Torres and Cape,Mental Health,2021,1243.0,6505525.0,6782497.0,-276972.0,-4.26
Torres and Cape,Mental Health,2022,1362.8,7343738.0,7780131.0,-436393.0,-5.94
Torres and Cape,Mental Health,2023,1418.5,7818966.0,8029600.0,-210635.0,-2.69
Torres and Cape,Mental Health,2024,1402.3,7962076.0,8226537.0,-264461.0,-3.32
Torres and Cape,Outpatient,2019,3261.7000000000003,16347442.0,17455961.0,-1108516.0,-6.78
Torres and Cape,Outpatient,2020,3039.7,15584592.0,15992902.0,-408310.0,-2.62
Torres and Cape,Outpatient,2021,3148.9,16481602.0,16735679.0,-254077.0,-1.54
Torres and Cape,Outpatient,2022,3310.0,17837854.0,18476986.0,-639132.0,-3.58
Torres and Cape,Outpatient,2023,3636.8,20046074.0,20904583.0,-858510.0,-4.28
Torres and Cape,Outpatient,2024,3499.8,19871942.0,19751240.0,120702.0,0.61
Townsville,Admitted Acute,2019,56418.799999999996,282770918.0,302546131.0,-19775214.0,-6.99
Townsville,Admitted Acute,2020,51714.8,265141551.0,281836117.0,-16694566.0,-6.3
Townsville,Admitted Acute,2021,60201.0,315091574.0,327491547.0,-12399973.0,-3.94
Townsville,Admitted Acute,2022,61516.8,331514693.0,349930179.0,-18415485.0,-5.55
Townsville,Admitted Acute,2023,63718.2,351215108.0,361356806.0,-10141701.0,-2.89
Townsville,Admitted Acute,2024,65022.7,369199025.0,391598935.0,-22399911.0,-6.07
Townsville,Admitted Subacute,2019,13029.9,65305795.0,67673855.0,-2368060.0,-3.63
Townsville,Admitted Subacute,2020,11538.9,59159719.0,60801646.0,-1641926.0,-2.78
Townsville,Admitted Subacute,2021,12593.6,65914876.0,69325802.0,-3410927.0,-5.17
Townsville,Admitted Subacute,2022,13545.3,72995924.0,77285045.0,-4289121.0,-5.88
Townsville,Admitted Subacute,2023,14823.7,81708794.0,84392861.0,-2684068.0,-3.28
Townsville,Admitted Subacute,2024,14863.6,84395274.0,89209795.0,-4814519.0,-5.7
Townsville,Emergency Department,2019,32381.3,162295399.0,166447333.0,-4151934.0,-2.56
Townsville,Emergency Department,2020,29851.9,153050377.0,152155628.0,894750.0,0.58
Townsville,Emergency Department,2021,31311.4,163883768.0,175368967.0,-11485198.0,-7.01
Townsville,Emergency Department,2022,32385.5,174525123.0,183729878.0,-9204756.0,-5.27
Townsville,Emergency Department,2023,36089.1,198923804.0,206705799.0,-7781996.0,-3.91
Townsville,Emergency Department,2024,36824.7,209091179.0,210435027.0,-1343848.0,-0.64
Townsville,Maternity,2019,5746.2,28799906.0,27964785.0,835121.0,2.9
Townsville,Maternity,2020,5295.5,27149695.0,27587549.0,-437855.0,-1.61
Townsville,Maternity,2021,5620.6,29417856.0,31014413.0,-1596558.0,-5.43
Townsville,Maternity,2022,6170.3,33251620.0,34768322.0,-1516701.0,-4.56
Townsville,Maternity,2023,6182.3,34076710.0,34911948.0,-835238.0,-2.45
Townsville,Maternity,2024,6516.9,37003665.0,38304751.0,-1301085.0,-3.52
Townsville,Mental Health,2019,10202.2,51133891.0,51465797.0,-331906.0,-0.65
Townsville,Mental Health,2020,8693.5,44571556.0,46068293.0,-1496738.0,-3.36
Townsville,Mental Health,2021,9752.0,51042220.0,53085913.0,-2043693.0,-4.0
Townsville,Mental Health,2022,10712.6,57730622.0,61679297.0,-3948677.0,-6.84
Townsville,Mental Health,2023,11798.9,65036127.0,69441515.0,-4405388.0,-6.77
Townsville,Mental Health,2024,11633.7,66056071.0,67899801.0,-1843729.0,-2.79
Townsville,Outpatient,2019,25218.6,126395746.0,130037293.0,-3641548.0,-2.88
Townsville,Outpatient,2020,23560.5,120794666.0,126438735.0,-5644068.0,-4.67
Townsville,Outpatient,2021,26347.1,137900944.0,145958970.0,-8058024.0,-5.84
Townsville,Outpatient,2022,28907.2,155781077.0,162585002.0,-6803923.0,-4.37
Townsville,Outpatient,2023,29402.6,162067579.0,171806313.0,-9738734.0,-6.01
Townsville,Outpatient,2024,29540.7,167731745.0,180931578.0,-13199833.0,-7.87
West Moreton,Admitted Acute,2019,54670.9,274010908.0,279949556.0,-5938648.0,-2.17
West Moreton,Admitted Acute,2020,49791.6,255281041.0,248135562.0,7145480.0,2.8
West Moreton,Admitted Acute,2021,54742.0,286519455.0,297322507.0,-10803052.0,-3.77
West Moreton,Admitted Acute,2022,62022.200000000004,334237541.0,341578929.0,-7341389.0,-2.2
West Moreton,Admitted Acute,2023,62413.0,344020583.0,352728702.0,-8708119.0,-2.53
West Moreton,Admitted Acute,2024,60981.3,346252472.0,344305891.0,1946581.0,0.56
West Moreton,Admitted Subacute,2019,12431.2,62305358.0,64655962.0,-2350606.0,-3.77
West Moreton,Admitted Subacute,2020,11273.1,57797408.0,60368302.0,-2570892.0,-4.45
West Moreton,Admitted Subacute,2021,11801.2,61767615.0,61728513.0,39102.0,0.06
West Moreton,Admitted Subacute,2022,13831.4,74536902.0,75886458.0,-1349555.0,-1.81
West Moreton,Admitted Subacute,2023,14316.6,78912842.0,79050921.0,-138079.0,-0.17
West Moreton,Admitted Subacute,2024,14240.5,80857490.0,84803176.0,-3945685.0,-4.88
West Moreton,Emergency Department,2019,30518.8,152959783.0,156006474.0,-3046691.0,-1.99
West Moreton,Emergency Department,2020,27644.3,141732948.0,148934437.0,-7201491.0,-5.08
West Moreton,Emergency Department,2021,30002.2,157031247.0,167648872.0,-10617624.0,-6.76
West Moreton,Emergency Department,2022,31525.6,169891999.0,173591313.0,-3699313.0,-2.18
West Moreton,Emergency Department,2023,34872.399999999994,192216706.0,206479216.0,-14262511.0,-7.42
West Moreton,Emergency Department,2024,36474.9,207104412.0,206411472.0,692939.0,0.33
West Moreton,Maternity,2019,5623.5,28185057.0,28951814.0,-766758.0,-2.72
West Moreton,Maternity,2020,4937.9,25316576.0,25913758.0,-597182.0,-2.36
West Moreton,Maternity,2021,5808.1,30399247.0,32158052.0,-1758806.0,-5.79
West Moreton,Maternity,2022,6102.8,32887468.0,33067711.0,-180245.0,-0.55
West Moreton,Maternity,2023,6082.2,33525062.0,34367345.0,-842283.0,-2.51
West Moreton,Maternity,2024,6332.3,35954633.0,37863307.0,-1908673.0,-5.31
West Moreton,Mental Health,2019,9886.2,49549338.0,52351760.0,-2802423.0,-5.66
West Moreton,Mental Health,2020,8823.9,45240073.0,45971005.0,-730932.0,-1.62
West Moreton,Mental Health,2021,9537.8,49920656.0,52404689.0,-2484035.0,-4.98
West Moreton,Mental Health,2022,10384.5,55962359.0,60752875.0,-4790516.0,-8.56
West Moreton,Mental Health,2023,10788.1,59463561.0,59732975.0,-269415.0,-0.45
West Moreton,Mental Health,2024,10812.5,61393537.0,64690485.0,-3296948.0,-5.37
West Moreton,Outpatient,2019,25472.7,127668871.0,130532329.0,-2863459.0,-2.24
West Moreton,Outpatient,2020,22574.3,115738466.0,119451108.0,-3712643.0,-3.21
West Moreton,Outpatient,2021,25547.1,133713783.0,134355887.0,-642103.0,-0.48
West Moreton,Outpatient,2022,27185.9,146504927.0,144728132.0,1776793.0,1.21
West Moreton,Outpatient,2023,28772.8,158594917.0,169634747.0,-11039830.0,-6.96
West Moreton,Outpatient,2024,29652.3,168366087.0,171953659.0,-3587571.0,-2.13
Wide Bay,Admitted Acute,2019,38566.0,193292960.0,202629276.0,-9336317.0,-4.83
Wide Bay,Admitted Acute,2020,34496.4,176862930.0,184946883.0,-8083953.0,-4.57
Wide Bay,Admitted Acute,2021,36546.3,191283308.0,197424119.0,-6140812.0,-3.21
Wide Bay,Admitted Acute,2022,40337.3,217377272.0,221620987.0,-4243715.0,-1.95
Wide Bay,Admitted Acute,2023,42650.6,235090328.0,245020992.0,-9930662.0,-4.22
Wide Bay,Admitted Acute,2024,42806.9,243056944.0,261417224.0,-18360280.0,-7.55
Wide Bay,Admitted Subacute,2019,8431.0,42256671.0,44684731.0,-2428059.0,-5.75
Wide Bay,Admitted Subacute,2020,7548.6,38701228.0,39773880.0,-1072651.0,-2.77
Wide Bay,Admitted Subacute,2021,8577.8,44895878.0,46336715.0,-1440836.0,-3.21
Wide Bay,Admitted Subacute,2022,8766.5,47242838.0,47725743.0,-482905.0,-1.02
Wide Bay,Admitted Subacute,2023,9539.4,52580964.0,52479567.0,101397.0,0.19
Wide Bay,Admitted Subacute,2024,9667.1,54889721.0,55846046.0,-956324.0,-1.74
Wide Bay,Emergency Department,2019,21176.8,106138426.0,111519640.0,-5381213.0,-5.07
Wide Bay,Emergency Department,2020,19053.6,97688011.0,96786830.0,901182.0,0.92
Wide Bay,Emergency Department,2021,20712.2,108407297.0,115799191.0,-7391894.0,-6.82
Wide Bay,Emergency Department,2022,22293.3,120138941.0,127276805.0,-7137863.0,-5.94
Wide Bay,Emergency Department,2023,22638.9,124786481.0,123928266.0,858215.0,0.69
Wide Bay,Emergency Department,2024,23843.7,135384417.0,145717317.0,-10332898.0,-7.63
Wide Bay,Maternity,2019,3804.0,19065005.0,19457884.0,-392880.0,-2.06
Wide Bay,Maternity,2020,3606.4,18489523.0,19070549.0,-581026.0,-3.14
Wide Bay,Maternity,2021,3716.5,19452128.0,20305410.0,-853283.0,-4.39
Wide Bay,Maternity,2022,3982.2000000000003,21459760.0,22129732.0,-669973.0,-3.12
Wide Bay,Maternity,2023,4175.0,23012939.0,23087810.0,-74871.0,-0.33
Wide Bay,Maternity,2024,4290.3,24360238.0,24708812.0,-348574.0,-1.43
Wide Bay,Mental Health,2019,6505.9,32607930.0,34393130.0,-1785201.0,-5.47
Wide Bay,Mental Health,2020,5926.7,30386357.0,31357713.0,-971356.0,-3.2
Wide Bay,Mental Health,2021,6506.7,34055710.0,36283791.0,-2228081.0,-6.54
Wide Bay,Mental Health,2022,7382.9,39786353.0,40699341.0,-912988.0,-2.29
Wide Bay,Mental Health,2023,7283.299999999999,40145124.0,40344526.0,-199402.0,-0.5
Wide Bay,Mental Health,2024,7587.2,43080517.0,45364863.0,-2284347.0,-5.3
Wide Bay,Outpatient,2019,17117.6,85793215.0,89557063.0,-3763847.0,-4.39
Wide Bay,Outpatient,2020,14757.3,75660726.0,74360743.0,1299984.0,1.72
Wide Bay,Outpatient,2021,16369.5,85677767.0,90536762.0,-4858995.0,-5.67
Wide Bay,Outpatient,2022,19000.0,102391709.0,101928870.0,462838.0,0.45
Wide Bay,Outpatient,2023,19184.6,105745826.0,106282387.0,-536561.0,-0.51
Wide Bay,Outpatient,2024,19332.4,109769404.0,112854964.0,-3085560.0,-2.81
