HHS,Year,Funding_Stream,Total_Allocation,Commonwealth_Share,State_Share,Commonwealth_Pct,Amount_Drawn,Amount_Undrawn,Utilisation_Pct,FY
Cairns and Hinterland,2019,National Health Reform Agreement,306759279.0,153379640.0,153379640.0,50.0,297245645.0,9513634.0,96.9,FY2019/20
Cairns and Hinterland,2019,Mental Health,67287447.0,33643723.0,33643723.0,50.0,64918367.0,2369080.0,96.48,FY2019/20
Cairns and Hinterland,2019,Preventive Health,26654678.0,13327339.0,13327339.0,50.0,25931318.0,723360.0,97.29,FY2019/20
Cairns and Hinterland,2019,Indigenous Health,112680763.0,56340382.0,56340382.0,50.0,108080282.0,4600481.0,95.92,FY2019/20
Cairns and Hinterland,2019,Public Health,39565803.0,19782902.0,19782902.0,50.0,37424901.0,2140902.0,94.59,FY2019/20
Cairns and Hinterland,2019,Capital Funding,32488612.0,16244306.0,16244306.0,50.0,30581504.0,1907108.0,94.13,FY2019/20
Cairns and Hinterland,2019,Teaching & Research,38370821.0,19185411.0,19185411.0,50.0,37959902.0,410919.0,98.93,FY2019/20
Cairns and Hinterland,2020,National Health Reform Agreement,322598013.0,162911997.0,159686016.0,50.5,308661035.0,13936978.0,95.68,FY2020/21
Cairns and Hinterland,2020,Mental Health,69074794.0,34882771.0,34192023.0,50.5,67724875.0,1349919.0,98.05,FY2020/21
Cairns and Hinterland,2020,Preventive Health,27985770.0,14132814.0,13852956.0,50.5,26356155.0,1629615.0,94.18,FY2020/21
Cairns and Hinterland,2020,Indigenous Health,118626898.0,59906583.0,58720315.0,50.5,115451139.0,3175759.0,97.32,FY2020/21
Cairns and Hinterland,2020,Public Health,41549244.0,20982368.0,20566876.0,50.5,39623142.0,1926102.0,95.36,FY2020/21
Cairns and Hinterland,2020,Capital Funding,34849910.0,17599204.0,17250705.0,50.5,32953456.0,1896454.0,94.56,FY2020/21
Cairns and Hinterland,2020,Teaching & Research,39244071.0,19818256.0,19425815.0,50.5,37903224.0,1340846.0,96.58,FY2020/21
Cairns and Hinterland,2021,National Health Reform Agreement,319422049.0,162905245.0,156516804.0,51.0,300810447.0,18611602.0,94.17,FY2021/22
Cairns and Hinterland,2021,Mental Health,69371120.0,35379271.0,33991849.0,51.0,64688735.0,4682385.0,93.25,FY2021/22
Cairns and Hinterland,2021,Preventive Health,29945387.0,15272147.0,14673240.0,51.0,28880773.0,1064613.0,96.44,FY2021/22
Cairns and Hinterland,2021,Indigenous Health,114028561.0,58154566.0,55873995.0,51.0,107417023.0,6611538.0,94.2,FY2021/22
Cairns and Hinterland,2021,Public Health,39937358.0,20368052.0,19569305.0,51.0,38854316.0,1083041.0,97.29,FY2021/22
Cairns and Hinterland,2021,Capital Funding,34208476.0,17446323.0,16762153.0,51.0,33620082.0,588394.0,98.28,FY2021/22
Cairns and Hinterland,2021,Teaching & Research,39666686.0,20230010.0,19436676.0,51.0,37582452.0,2084234.0,94.75,FY2021/22
Cairns and Hinterland,2022,National Health Reform Agreement,344280123.0,177304263.0,166975860.0,51.5,337496838.0,6783285.0,98.03,FY2022/23
Cairns and Hinterland,2022,Mental Health,70350824.0,36230674.0,34120150.0,51.5,69469949.0,880875.0,98.75,FY2022/23
Cairns and Hinterland,2022,Preventive Health,30332754.0,15621368.0,14711386.0,51.5,30007430.0,325324.0,98.93,FY2022/23
Cairns and Hinterland,2022,Indigenous Health,122377033.0,63024172.0,59352861.0,51.5,119651490.0,2725543.0,97.77,FY2022/23
Cairns and Hinterland,2022,Public Health,44167023.0,22746017.0,21421006.0,51.5,41793641.0,2373382.0,94.63,FY2022/23
Cairns and Hinterland,2022,Capital Funding,36780722.0,18942072.0,17838650.0,51.5,35391238.0,1389484.0,96.22,FY2022/23
Cairns and Hinterland,2022,Teaching & Research,40924053.0,21075887.0,19848166.0,51.5,38100823.0,2823230.0,93.1,FY2022/23
Cairns and Hinterland,2023,National Health Reform Agreement,333127199.0,173226143.0,159901056.0,52.0,324944403.0,8182796.0,97.54,FY2023/24
Cairns and Hinterland,2023,Mental Health,75368683.0,39191715.0,36176968.0,52.0,73012663.0,2356020.0,96.87,FY2023/24
Cairns and Hinterland,2023,Preventive Health,30065961.0,15634300.0,14431661.0,52.0,28949047.0,1116914.0,96.29,FY2023/24
Cairns and Hinterland,2023,Indigenous Health,129187442.0,67177470.0,62009972.0,52.0,123739793.0,5447650.0,95.78,FY2023/24
Cairns and Hinterland,2023,Public Health,44167131.0,22966908.0,21200223.0,52.0,43486396.0,680734.0,98.46,FY2023/24
Cairns and Hinterland,2023,Capital Funding,38334332.0,19933853.0,18400479.0,52.0,37044367.0,1289965.0,96.63,FY2023/24
Cairns and Hinterland,2023,Teaching & Research,44982363.0,23390829.0,21591534.0,52.0,43065955.0,1916408.0,95.74,FY2023/24
Cairns and Hinterland,2024,National Health Reform Agreement,364328288.0,191272351.0,173055937.0,52.5,344951816.0,19376471.0,94.68,FY2024/25
Cairns and Hinterland,2024,Mental Health,75737084.0,39761969.0,35975115.0,52.5,70717113.0,5019972.0,93.37,FY2024/25
Cairns and Hinterland,2024,Preventive Health,32881480.0,17262777.0,15618703.0,52.5,31539714.0,1341766.0,95.92,FY2024/25
Cairns and Hinterland,2024,Indigenous Health,125703219.0,65994190.0,59709029.0,52.5,118943568.0,6759650.0,94.62,FY2024/25
Cairns and Hinterland,2024,Public Health,46414769.0,24367754.0,22047015.0,52.5,45875159.0,539611.0,98.84,FY2024/25
Cairns and Hinterland,2024,Capital Funding,38711363.0,20323466.0,18387897.0,52.5,37671102.0,1040261.0,97.31,FY2024/25
Cairns and Hinterland,2024,Teaching & Research,44878303.0,23561109.0,21317194.0,52.5,42967235.0,1911068.0,95.74,FY2024/25
Townsville,2019,National Health Reform Agreement,351043643.0,175521822.0,175521822.0,50.0,329557276.0,21486367.0,93.88,FY2019/20
Townsville,2019,Mental Health,73643853.0,36821927.0,36821927.0,50.0,70265024.0,3378829.0,95.41,FY2019/20
Townsville,2019,Preventive Health,30881881.0,15440940.0,15440940.0,50.0,29709426.0,1172454.0,96.2,FY2019/20
Townsville,2019,Indigenous Health,49492999.0,24746500.0,24746500.0,50.0,46513240.0,2979759.0,93.98,FY2019/20
Townsville,2019,Public Health,43286490.0,21643245.0,21643245.0,50.0,40990978.0,2295512.0,94.7,FY2019/20
Townsville,2019,Capital Funding,36127751.0,18063876.0,18063876.0,50.0,33762771.0,2364981.0,93.45,FY2019/20
Townsville,2019,Teaching & Research,44149619.0,22074810.0,22074810.0,50.0,42380144.0,1769475.0,95.99,FY2019/20
Townsville,2020,National Health Reform Agreement,354175315.0,178858534.0,175316781.0,50.5,347421735.0,6753580.0,98.09,FY2020/21
Townsville,2020,Mental Health,77596971.0,39186470.0,38410501.0,50.5,74720843.0,2876128.0,96.29,FY2020/21
Townsville,2020,Preventive Health,31588959.0,15952424.0,15636535.0,50.5,30209065.0,1379894.0,95.63,FY2020/21
Townsville,2020,Indigenous Health,51571102.0,26043407.0,25527696.0,50.5,49747321.0,1823781.0,96.46,FY2020/21
Townsville,2020,Public Health,45871138.0,23164925.0,22706213.0,50.5,45468809.0,402329.0,99.12,FY2020/21
Townsville,2020,Capital Funding,37241700.0,18807059.0,18434642.0,50.5,34989931.0,2251769.0,93.95,FY2020/21
Townsville,2020,Teaching & Research,45090272.0,22770587.0,22319684.0,50.5,42884717.0,2205554.0,95.11,FY2020/21
Townsville,2021,National Health Reform Agreement,347572268.0,177261857.0,170310411.0,51.0,344862938.0,2709330.0,99.22,FY2021/22
Townsville,2021,Mental Health,77148456.0,39345713.0,37802743.0,51.0,76766544.0,381912.0,99.5,FY2021/22
Townsville,2021,Preventive Health,33434830.0,17051763.0,16383067.0,51.0,32879335.0,555495.0,98.34,FY2021/22
Townsville,2021,Indigenous Health,51325294.0,26175900.0,25149394.0,51.0,48573930.0,2751364.0,94.64,FY2021/22
Townsville,2021,Public Health,46086736.0,23504235.0,22582500.0,51.0,43415871.0,2670865.0,94.2,FY2021/22
Townsville,2021,Capital Funding,38821983.0,19799211.0,19022771.0,51.0,36978030.0,1843952.0,95.25,FY2021/22
Townsville,2021,Teaching & Research,44755664.0,22825389.0,21930275.0,51.0,42265584.0,2490080.0,94.44,FY2021/22
Townsville,2022,National Health Reform Agreement,380962817.0,196195851.0,184766966.0,51.5,358754098.0,22208719.0,94.17,FY2022/23
Townsville,2022,Mental Health,78178928.0,40262148.0,37916780.0,51.5,76150564.0,2028364.0,97.41,FY2022/23
Townsville,2022,Preventive Health,35140570.0,18097394.0,17043177.0,51.5,33495464.0,1645107.0,95.32,FY2022/23
Townsville,2022,Indigenous Health,52510115.0,27042709.0,25467406.0,51.5,50930984.0,1579131.0,96.99,FY2022/23
Townsville,2022,Public Health,48932809.0,25200397.0,23732413.0,51.5,48193157.0,739652.0,98.49,FY2022/23
Townsville,2022,Capital Funding,41020005.0,21125302.0,19894702.0,51.5,39053258.0,1966747.0,95.21,FY2022/23
Townsville,2022,Teaching & Research,47550952.0,24488740.0,23062212.0,51.5,44526100.0,3024852.0,93.64,FY2022/23
Townsville,2023,National Health Reform Agreement,388725382.0,202137199.0,186588183.0,52.0,381245031.0,7480351.0,98.08,FY2023/24
Townsville,2023,Mental Health,86726517.0,45097789.0,41628728.0,52.0,82236495.0,4490021.0,94.82,FY2023/24
Townsville,2023,Preventive Health,33497761.0,17418836.0,16078925.0,52.0,32432284.0,1065477.0,96.82,FY2023/24
Townsville,2023,Indigenous Health,56666049.0,29466346.0,27199704.0,52.0,55834674.0,831375.0,98.53,FY2023/24
Townsville,2023,Public Health,47580830.0,24742031.0,22838798.0,52.0,45121981.0,2458849.0,94.83,FY2023/24
Townsville,2023,Capital Funding,41850011.0,21762006.0,20088005.0,52.0,39889005.0,1961005.0,95.31,FY2023/24
Townsville,2023,Teaching & Research,50182623.0,26094964.0,24087659.0,52.0,48334056.0,1848567.0,96.32,FY2023/24
Townsville,2024,National Health Reform Agreement,403556484.0,211867154.0,191689330.0,52.5,391709431.0,11847053.0,97.06,FY2024/25
Townsville,2024,Mental Health,87866472.0,46129898.0,41736574.0,52.5,83761975.0,4104497.0,95.33,FY2024/25
Townsville,2024,Preventive Health,36778209.0,19308560.0,17469649.0,52.5,34910614.0,1867595.0,94.92,FY2024/25
Townsville,2024,Indigenous Health,57536661.0,30206747.0,27329914.0,52.5,54371023.0,3165638.0,94.5,FY2024/25
Townsville,2024,Public Health,50061388.0,26282229.0,23779159.0,52.5,47672072.0,2389317.0,95.23,FY2024/25
Townsville,2024,Capital Funding,42191511.0,22150543.0,20040968.0,52.5,42094005.0,97507.0,99.77,FY2024/25
Townsville,2024,Teaching & Research,48795551.0,25617664.0,23177887.0,52.5,48069122.0,726429.0,98.51,FY2024/25
Mackay,2019,National Health Reform Agreement,194709291.0,97354646.0,97354646.0,50.0,181350891.0,13358400.0,93.14,FY2019/20
Mackay,2019,Mental Health,41549105.0,20774552.0,20774552.0,50.0,39376245.0,2172859.0,94.77,FY2019/20
Mackay,2019,Preventive Health,16414364.0,8207182.0,8207182.0,50.0,15728280.0,686083.0,95.82,FY2019/20
Mackay,2019,Indigenous Health,28214587.0,14107293.0,14107293.0,50.0,26262802.0,1951785.0,93.08,FY2019/20
Mackay,2019,Public Health,24024856.0,12012428.0,12012428.0,50.0,23186335.0,838521.0,96.51,FY2019/20
Mackay,2019,Capital Funding,21059785.0,10529893.0,10529893.0,50.0,19709435.0,1350351.0,93.59,FY2019/20
Mackay,2019,Teaching & Research,24203575.0,12101788.0,12101788.0,50.0,23661601.0,541974.0,97.76,FY2019/20
Mackay,2020,National Health Reform Agreement,196063806.0,99012222.0,97051584.0,50.5,195272377.0,791428.0,99.6,FY2020/21
Mackay,2020,Mental Health,43297569.0,21865272.0,21432297.0,50.5,40393951.0,2903618.0,93.29,FY2020/21
Mackay,2020,Preventive Health,17545422.0,8860438.0,8684984.0,50.5,16806001.0,739422.0,95.79,FY2020/21
Mackay,2020,Indigenous Health,27710406.0,13993755.0,13716651.0,50.5,26646149.0,1064258.0,96.16,FY2020/21
Mackay,2020,Public Health,24392452.0,12318188.0,12074264.0,50.5,23423178.0,969274.0,96.03,FY2020/21
Mackay,2020,Capital Funding,21912448.0,11065786.0,10846662.0,50.5,20514529.0,1397920.0,93.62,FY2020/21
Mackay,2020,Teaching & Research,25452192.0,12853357.0,12598835.0,50.5,24526154.0,926038.0,96.36,FY2020/21
Mackay,2021,National Health Reform Agreement,201419910.0,102724154.0,98695756.0,51.0,199025593.0,2394317.0,98.81,FY2021/22
Mackay,2021,Mental Health,43029626.0,21945109.0,21084517.0,51.0,41314015.0,1715611.0,96.01,FY2021/22
Mackay,2021,Preventive Health,18000167.0,9180085.0,8820082.0,51.0,17212320.0,787846.0,95.62,FY2021/22
Mackay,2021,Indigenous Health,29997835.0,15298896.0,14698939.0,51.0,29638614.0,359221.0,98.8,FY2021/22
Mackay,2021,Public Health,24589965.0,12540882.0,12049083.0,51.0,23054780.0,1535185.0,93.76,FY2021/22
Mackay,2021,Capital Funding,21632142.0,11032392.0,10599750.0,51.0,20267284.0,1364858.0,93.69,FY2021/22
Mackay,2021,Teaching & Research,25625820.0,13069168.0,12556652.0,51.0,24089768.0,1536052.0,94.01,FY2021/22
Mackay,2022,National Health Reform Agreement,205811601.0,105992974.0,99818626.0,51.5,191508805.0,14302796.0,93.05,FY2022/23
Mackay,2022,Mental Health,44166448.0,22745721.0,21420727.0,51.5,43168434.0,998014.0,97.74,FY2022/23
Mackay,2022,Preventive Health,18652869.0,9606227.0,9046641.0,51.5,18624495.0,28374.0,99.85,FY2022/23
Mackay,2022,Indigenous Health,30777087.0,15850200.0,14926887.0,51.5,29396271.0,1380815.0,95.51,FY2022/23
Mackay,2022,Public Health,25196656.0,12976278.0,12220378.0,51.5,24924377.0,272279.0,98.92,FY2022/23
Mackay,2022,Capital Funding,23149389.0,11921935.0,11227454.0,51.5,22858723.0,290666.0,98.74,FY2022/23
Mackay,2022,Teaching & Research,25369152.0,13065113.0,12304039.0,51.5,25365450.0,3702.0,99.99,FY2022/23
Mackay,2023,National Health Reform Agreement,207358607.0,107826476.0,99532131.0,52.0,203355413.0,4003194.0,98.07,FY2023/24
Mackay,2023,Mental Health,47638759.0,24772155.0,22866604.0,52.0,45089995.0,2548764.0,94.65,FY2023/24
Mackay,2023,Preventive Health,19849827.0,10321910.0,9527917.0,52.0,18890360.0,959467.0,95.17,FY2023/24
Mackay,2023,Indigenous Health,31927412.0,16602254.0,15325158.0,52.0,30321086.0,1606326.0,94.97,FY2023/24
Mackay,2023,Public Health,27887018.0,14501249.0,13385769.0,52.0,26039451.0,1847567.0,93.37,FY2023/24
Mackay,2023,Capital Funding,23452599.0,12195352.0,11257248.0,52.0,22684475.0,768125.0,96.72,FY2023/24
Mackay,2023,Teaching & Research,26863204.0,13968866.0,12894338.0,52.0,25403044.0,1460160.0,94.56,FY2023/24
Mackay,2024,National Health Reform Agreement,221016998.0,116033924.0,104983074.0,52.5,208497858.0,12519140.0,94.34,FY2024/25
Mackay,2024,Mental Health,47642139.0,25012123.0,22630016.0,52.5,45151750.0,2490389.0,94.77,FY2024/25
Mackay,2024,Preventive Health,20487841.0,10756117.0,9731725.0,52.5,19094754.0,1393088.0,93.2,FY2024/25
Mackay,2024,Indigenous Health,30867972.0,16205685.0,14662287.0,52.5,29230788.0,1637183.0,94.7,FY2024/25
Mackay,2024,Public Health,27484010.0,14429105.0,13054905.0,52.5,26007875.0,1476136.0,94.63,FY2024/25
Mackay,2024,Capital Funding,23704377.0,12444798.0,11259579.0,52.5,23492758.0,211619.0,99.11,FY2024/25
Mackay,2024,Teaching & Research,28143755.0,14775471.0,13368284.0,52.5,27316254.0,827501.0,97.06,FY2024/25
North West,2019,National Health Reform Agreement,56651728.0,28325864.0,28325864.0,50.0,55438217.0,1213511.0,97.86,FY2019/20
North West,2019,Mental Health,12439526.0,6219763.0,6219763.0,50.0,12253502.0,186024.0,98.5,FY2019/20
North West,2019,Preventive Health,5218769.0,2609385.0,2609385.0,50.0,5005809.0,212960.0,95.92,FY2019/20
North West,2019,Indigenous Health,21046189.0,10523095.0,10523095.0,50.0,20838189.0,208000.0,99.01,FY2019/20
North West,2019,Public Health,7232611.0,3616305.0,3616305.0,50.0,7012704.0,219907.0,96.96,FY2019/20
North West,2019,Capital Funding,6207313.0,3103657.0,3103657.0,50.0,6079044.0,128270.0,97.93,FY2019/20
North West,2019,Teaching & Research,7696950.0,3848475.0,3848475.0,50.0,7392324.0,304626.0,96.04,FY2019/20
North West,2020,National Health Reform Agreement,60394650.0,30499298.0,29895352.0,50.5,60087821.0,306829.0,99.49,FY2020/21
North West,2020,Mental Health,13211729.0,6671923.0,6539806.0,50.5,12737849.0,473880.0,96.41,FY2020/21
North West,2020,Preventive Health,5530096.0,2792698.0,2737397.0,50.5,5409794.0,120301.0,97.82,FY2020/21
North West,2020,Indigenous Health,21291293.0,10752103.0,10539190.0,50.5,21024678.0,266615.0,98.75,FY2020/21
North West,2020,Public Health,7654224.0,3865383.0,3788841.0,50.5,7157192.0,497032.0,93.51,FY2020/21
North West,2020,Capital Funding,6745775.0,3406616.0,3339159.0,50.5,6451568.0,294207.0,95.64,FY2020/21
North West,2020,Teaching & Research,7447942.0,3761211.0,3686731.0,50.5,7257010.0,190931.0,97.44,FY2020/21
North West,2021,National Health Reform Agreement,64222113.0,32753278.0,31468836.0,51.0,63717504.0,504609.0,99.21,FY2021/22
North West,2021,Mental Health,14096443.0,7189186.0,6907257.0,51.0,13965902.0,130542.0,99.07,FY2021/22
North West,2021,Preventive Health,5440394.0,2774601.0,2665793.0,51.0,5204373.0,236021.0,95.66,FY2021/22
North West,2021,Indigenous Health,23241827.0,11853332.0,11388495.0,51.0,22210766.0,1031061.0,95.56,FY2021/22
North West,2021,Public Health,7996935.0,4078437.0,3918498.0,51.0,7776557.0,220378.0,97.24,FY2021/22
North West,2021,Capital Funding,6725861.0,3430189.0,3295672.0,51.0,6680886.0,44975.0,99.33,FY2021/22
North West,2021,Teaching & Research,7934541.0,4046616.0,3887925.0,51.0,7637273.0,297268.0,96.25,FY2021/22
North West,2022,National Health Reform Agreement,66756493.0,34379594.0,32376899.0,51.5,64389643.0,2366850.0,96.45,FY2022/23
North West,2022,Mental Health,13647150.0,7028282.0,6618868.0,51.5,13181985.0,465165.0,96.59,FY2022/23
North West,2022,Preventive Health,5983094.0,3081293.0,2901801.0,51.5,5889639.0,93455.0,98.44,FY2022/23
North West,2022,Indigenous Health,23884872.0,12300709.0,11584163.0,51.5,23396705.0,488167.0,97.96,FY2022/23
North West,2022,Public Health,8010399.0,4125356.0,3885044.0,51.5,7933066.0,77333.0,99.03,FY2022/23
North West,2022,Capital Funding,7224216.0,3720471.0,3503745.0,51.5,6816703.0,407513.0,94.36,FY2022/23
North West,2022,Teaching & Research,7929498.0,4083691.0,3845807.0,51.5,7915957.0,13541.0,99.83,FY2022/23
North West,2023,National Health Reform Agreement,68022683.0,35371795.0,32650888.0,52.0,67514318.0,508365.0,99.25,FY2023/24
North West,2023,Mental Health,14862133.0,7728309.0,7133824.0,52.0,14385327.0,476806.0,96.79,FY2023/24
North West,2023,Preventive Health,6077235.0,3160162.0,2917073.0,52.0,5883830.0,193406.0,96.82,FY2023/24
North West,2023,Indigenous Health,23164856.0,12045725.0,11119131.0,52.0,22752179.0,412677.0,98.22,FY2023/24
North West,2023,Public Health,8413222.0,4374875.0,4038347.0,52.0,8205749.0,207473.0,97.53,FY2023/24
North West,2023,Capital Funding,7209781.0,3749086.0,3460695.0,52.0,6953306.0,256475.0,96.44,FY2023/24
North West,2023,Teaching & Research,8188824.0,4258189.0,3930636.0,52.0,7775370.0,413454.0,94.95,FY2023/24
North West,2024,National Health Reform Agreement,66095708.0,34700247.0,31395461.0,52.5,62374298.0,3721410.0,94.37,FY2024/25
North West,2024,Mental Health,15386466.0,8077895.0,7308571.0,52.5,14474325.0,912141.0,94.07,FY2024/25
North West,2024,Preventive Health,6063267.0,3183215.0,2880052.0,52.5,5889502.0,173766.0,97.13,FY2024/25
North West,2024,Indigenous Health,24926954.0,13086651.0,11840303.0,52.5,23450734.0,1476219.0,94.08,FY2024/25
North West,2024,Public Health,8851416.0,4646994.0,4204423.0,52.5,8718328.0,133088.0,98.5,FY2024/25
North West,2024,Capital Funding,7256972.0,3809910.0,3447062.0,52.5,6895623.0,361349.0,95.02,FY2024/25
North West,2024,Teaching & Research,8951231.0,4699396.0,4251835.0,52.5,8841999.0,109232.0,98.78,FY2024/25
Torres and Cape,2019,National Health Reform Agreement,42843363.0,21421681.0,21421681.0,50.0,40090948.0,2752415.0,93.58,FY2019/20
Torres and Cape,2019,Mental Health,9141861.0,4570931.0,4570931.0,50.0,8859845.0,282016.0,96.92,FY2019/20
Torres and Cape,2019,Preventive Health,3738298.0,1869149.0,1869149.0,50.0,3593910.0,144389.0,96.14,FY2019/20
Torres and Cape,2019,Indigenous Health,15460672.0,7730336.0,7730336.0,50.0,14732728.0,727945.0,95.29,FY2019/20
Torres and Cape,2019,Public Health,5488498.0,2744249.0,2744249.0,50.0,5427199.0,61298.0,98.88,FY2019/20
Torres and Cape,2019,Capital Funding,4536090.0,2268045.0,2268045.0,50.0,4484859.0,51231.0,98.87,FY2019/20
Torres and Cape,2019,Teaching & Research,5197617.0,2598808.0,2598808.0,50.0,5138577.0,59040.0,98.86,FY2019/20
Torres and Cape,2020,National Health Reform Agreement,42316471.0,21369818.0,20946653.0,50.5,39599961.0,2716510.0,93.58,FY2020/21
Torres and Cape,2020,Mental Health,9604207.0,4850124.0,4754082.0,50.5,9249193.0,355014.0,96.3,FY2020/21
Torres and Cape,2020,Preventive Health,4085991.0,2063426.0,2022566.0,50.5,3903851.0,182140.0,95.54,FY2020/21
Torres and Cape,2020,Indigenous Health,15557987.0,7856784.0,7701204.0,50.5,15014258.0,543729.0,96.51,FY2020/21
Torres and Cape,2020,Public Health,5520100.0,2787650.0,2732449.0,50.5,5266782.0,253318.0,95.41,FY2020/21
Torres and Cape,2020,Capital Funding,4821843.0,2435031.0,2386812.0,50.5,4740688.0,81155.0,98.32,FY2020/21
Torres and Cape,2020,Teaching & Research,5696055.0,2876508.0,2819547.0,50.5,5685232.0,10823.0,99.81,FY2020/21
Torres and Cape,2021,National Health Reform Agreement,44037534.0,22459142.0,21578392.0,51.0,43162356.0,875178.0,98.01,FY2021/22
Torres and Cape,2021,Mental Health,9708137.0,4951150.0,4756987.0,51.0,9488692.0,219445.0,97.74,FY2021/22
Torres and Cape,2021,Preventive Health,4071729.0,2076582.0,1995147.0,51.0,4069954.0,1775.0,99.96,FY2021/22
Torres and Cape,2021,Indigenous Health,16617093.0,8474717.0,8142376.0,51.0,16561831.0,55262.0,99.67,FY2021/22
Torres and Cape,2021,Public Health,5864446.0,2990867.0,2873579.0,51.0,5824586.0,39860.0,99.32,FY2021/22
Torres and Cape,2021,Capital Funding,5018620.0,2559496.0,2459124.0,51.0,4828620.0,189999.0,96.21,FY2021/22
Torres and Cape,2021,Teaching & Research,5597984.0,2854972.0,2743012.0,51.0,5351238.0,246746.0,95.59,FY2021/22
Torres and Cape,2022,National Health Reform Agreement,44450713.0,22892117.0,21558596.0,51.5,42969594.0,1481119.0,96.67,FY2022/23
Torres and Cape,2022,Mental Health,10089508.0,5196097.0,4893411.0,51.5,9754209.0,335299.0,96.68,FY2022/23
Torres and Cape,2022,Preventive Health,4361622.0,2246235.0,2115386.0,51.5,4334587.0,27034.0,99.38,FY2022/23
Torres and Cape,2022,Indigenous Health,16354142.0,8422383.0,7931759.0,51.5,15631645.0,722497.0,95.58,FY2022/23
Torres and Cape,2022,Public Health,5847376.0,3011398.0,2835977.0,51.5,5585631.0,261744.0,95.52,FY2022/23
Torres and Cape,2022,Capital Funding,5163132.0,2659013.0,2504119.0,51.5,4991110.0,172022.0,96.67,FY2022/23
Torres and Cape,2022,Teaching & Research,5917100.0,3047306.0,2869793.0,51.5,5856218.0,60881.0,98.97,FY2022/23
Torres and Cape,2023,National Health Reform Agreement,48738856.0,25344205.0,23394651.0,52.0,45778205.0,2960651.0,93.93,FY2023/24
Torres and Cape,2023,Mental Health,10557525.0,5489913.0,5067612.0,52.0,10140297.0,417228.0,96.05,FY2023/24
Torres and Cape,2023,Preventive Health,4253904.0,2212030.0,2041874.0,52.0,3971025.0,282879.0,93.35,FY2023/24
Torres and Cape,2023,Indigenous Health,17282174.0,8986730.0,8295443.0,52.0,16502412.0,779762.0,95.49,FY2023/24
Torres and Cape,2023,Public Health,5934571.0,3085977.0,2848594.0,52.0,5807732.0,126839.0,97.86,FY2023/24
Torres and Cape,2023,Capital Funding,5301835.0,2756954.0,2544881.0,52.0,5021555.0,280280.0,94.71,FY2023/24
Torres and Cape,2023,Teaching & Research,5836692.0,3035080.0,2801612.0,52.0,5774897.0,61795.0,98.94,FY2023/24
Torres and Cape,2024,National Health Reform Agreement,47006153.0,24678230.0,22327923.0,52.5,46799226.0,206927.0,99.56,FY2024/25
Torres and Cape,2024,Mental Health,10783338.0,5661252.0,5122086.0,52.5,10271445.0,511893.0,95.25,FY2024/25
Torres and Cape,2024,Preventive Health,4357443.0,2287657.0,2069785.0,52.5,4055169.0,302274.0,93.06,FY2024/25
Torres and Cape,2024,Indigenous Health,17414106.0,9142405.0,8271700.0,52.5,16363007.0,1051098.0,93.96,FY2024/25
Torres and Cape,2024,Public Health,6282582.0,3298356.0,2984227.0,52.5,5916045.0,366537.0,94.17,FY2024/25
Torres and Cape,2024,Capital Funding,5349403.0,2808436.0,2540966.0,52.5,5195919.0,153484.0,97.13,FY2024/25
Torres and Cape,2024,Teaching & Research,6126105.0,3216205.0,2909900.0,52.5,5712315.0,413791.0,93.25,FY2024/25
Metro North,2019,National Health Reform Agreement,947674894.0,473837447.0,473837447.0,50.0,883085461.0,64589433.0,93.18,FY2019/20
Metro North,2019,Mental Health,218821555.0,109410777.0,109410777.0,50.0,208375162.0,10446392.0,95.23,FY2019/20
Metro North,2019,Preventive Health,91584861.0,45792430.0,45792430.0,50.0,87941734.0,3643127.0,96.02,FY2019/20
Metro North,2019,Indigenous Health,142604482.0,71302241.0,71302241.0,50.0,137741923.0,4862559.0,96.59,FY2019/20
Metro North,2019,Public Health,127384453.0,63692227.0,63692227.0,50.0,120906342.0,6478111.0,94.91,FY2019/20
Metro North,2019,Capital Funding,104107019.0,52053510.0,52053510.0,50.0,100871791.0,3235228.0,96.89,FY2019/20
Metro North,2019,Teaching & Research,123516197.0,61758099.0,61758099.0,50.0,118695903.0,4820295.0,96.1,FY2019/20
Metro North,2020,National Health Reform Agreement,1027536696.0,518906032.0,508630665.0,50.5,991150391.0,36386306.0,96.46,FY2020/21
Metro North,2020,Mental Health,223717088.0,112977130.0,110739959.0,50.5,216579171.0,7137917.0,96.81,FY2020/21
Metro North,2020,Preventive Health,94098230.0,47519606.0,46578624.0,50.5,92161271.0,1936959.0,97.94,FY2020/21
Metro North,2020,Indigenous Health,148127338.0,74804306.0,73323033.0,50.5,144797912.0,3329427.0,97.75,FY2020/21
Metro North,2020,Public Health,133120718.0,67225963.0,65894755.0,50.5,127830366.0,5290352.0,96.03,FY2020/21
Metro North,2020,Capital Funding,110019250.0,55559721.0,54459529.0,50.5,108203623.0,1815626.0,98.35,FY2020/21
Metro North,2020,Teaching & Research,130111535.0,65706325.0,64405210.0,50.5,121650443.0,8461091.0,93.5,FY2020/21
Metro North,2021,National Health Reform Agreement,1079935091.0,550766896.0,529168195.0,51.0,1006666697.0,73268394.0,93.22,FY2021/22
Metro North,2021,Mental Health,232995588.0,118827750.0,114167838.0,51.0,229061595.0,3933993.0,98.31,FY2021/22
Metro North,2021,Preventive Health,98640437.0,50306623.0,48333814.0,51.0,92109395.0,6531042.0,93.38,FY2021/22
Metro North,2021,Indigenous Health,153483988.0,78276834.0,75207154.0,51.0,147336776.0,6147212.0,95.99,FY2021/22
Metro North,2021,Public Health,131460205.0,67044704.0,64415500.0,51.0,123089121.0,8371084.0,93.63,FY2021/22
Metro North,2021,Capital Funding,114800438.0,58548224.0,56252215.0,51.0,110613994.0,4186445.0,96.35,FY2021/22
Metro North,2021,Teaching & Research,129049921.0,65815460.0,63234461.0,51.0,125549347.0,3500574.0,97.29,FY2021/22
Metro North,2022,National Health Reform Agreement,1099112521.0,566042948.0,533069573.0,51.5,1081207408.0,17905113.0,98.37,FY2022/23
Metro North,2022,Mental Health,242958240.0,125123494.0,117834747.0,51.5,232915064.0,10043176.0,95.87,FY2022/23
Metro North,2022,Preventive Health,101606766.0,52327485.0,49279282.0,51.5,100649636.0,957130.0,99.06,FY2022/23
Metro North,2022,Indigenous Health,154330362.0,79480137.0,74850226.0,51.5,145247992.0,9082371.0,94.11,FY2022/23
Metro North,2022,Public Health,136564321.0,70330625.0,66233696.0,51.5,130846770.0,5717551.0,95.81,FY2022/23
Metro North,2022,Capital Funding,118376067.0,60963674.0,57412392.0,51.5,114923870.0,3452197.0,97.08,FY2022/23
Metro North,2022,Teaching & Research,140019203.0,72109890.0,67909313.0,51.5,135215466.0,4803737.0,96.57,FY2022/23
Metro North,2023,National Health Reform Agreement,1074977774.0,558988443.0,515989332.0,52.0,1064314418.0,10663357.0,99.01,FY2023/24
Metro North,2023,Mental Health,238511519.0,124025990.0,114485529.0,52.0,238032307.0,479212.0,99.8,FY2023/24
Metro North,2023,Preventive Health,97830507.0,50871864.0,46958643.0,52.0,97544605.0,285902.0,99.71,FY2023/24
Metro North,2023,Indigenous Health,156182006.0,81214643.0,74967363.0,52.0,147775124.0,8406882.0,94.62,FY2023/24
Metro North,2023,Public Health,136157062.0,70801672.0,65355390.0,52.0,133346497.0,2810565.0,97.94,FY2023/24
Metro North,2023,Capital Funding,124492400.0,64736048.0,59756352.0,52.0,119560631.0,4931769.0,96.04,FY2023/24
Metro North,2023,Teaching & Research,146125256.0,75985133.0,70140123.0,52.0,141934521.0,4190736.0,97.13,FY2023/24
Metro North,2024,National Health Reform Agreement,1153436101.0,605553953.0,547882148.0,52.5,1140955166.0,12480935.0,98.92,FY2024/25
Metro North,2024,Mental Health,245019482.0,128635228.0,116384254.0,52.5,233944259.0,11075223.0,95.48,FY2024/25
Metro North,2024,Preventive Health,107148798.0,56253119.0,50895679.0,52.5,106405983.0,742815.0,99.31,FY2024/25
Metro North,2024,Indigenous Health,172374983.0,90496866.0,81878117.0,52.5,171190540.0,1184443.0,99.31,FY2024/25
Metro North,2024,Public Health,140958736.0,74003336.0,66955399.0,52.5,139219403.0,1739332.0,98.77,FY2024/25
Metro North,2024,Capital Funding,123635911.0,64908853.0,58727058.0,52.5,123556301.0,79610.0,99.94,FY2024/25
Metro North,2024,Teaching & Research,144967677.0,76108031.0,68859647.0,52.5,140440123.0,4527554.0,96.88,FY2024/25
Metro South,2019,National Health Reform Agreement,915989596.0,457994798.0,457994798.0,50.0,872499868.0,43489728.0,95.25,FY2019/20
Metro South,2019,Mental Health,192598882.0,96299441.0,96299441.0,50.0,191192060.0,1406822.0,99.27,FY2019/20
Metro South,2019,Preventive Health,85085457.0,42542728.0,42542728.0,50.0,79960494.0,5124963.0,93.98,FY2019/20
Metro South,2019,Indigenous Health,135861244.0,67930622.0,67930622.0,50.0,132302939.0,3558306.0,97.38,FY2019/20
Metro South,2019,Public Health,115458109.0,57729054.0,57729054.0,50.0,109429057.0,6029052.0,94.78,FY2019/20
Metro South,2019,Capital Funding,102557551.0,51278776.0,51278776.0,50.0,100405194.0,2152357.0,97.9,FY2019/20
Metro South,2019,Teaching & Research,116747645.0,58373823.0,58373823.0,50.0,113556909.0,3190737.0,97.27,FY2019/20
Metro South,2020,National Health Reform Agreement,912203149.0,460662590.0,451540559.0,50.5,878610706.0,33592444.0,96.32,FY2020/21
Metro South,2020,Mental Health,200715560.0,101361358.0,99354202.0,50.5,189593280.0,11122280.0,94.46,FY2020/21
Metro South,2020,Preventive Health,86838581.0,43853483.0,42985098.0,50.5,86299134.0,539447.0,99.38,FY2020/21
Metro South,2020,Indigenous Health,136115475.0,68738315.0,67377160.0,50.5,128566844.0,7548631.0,94.45,FY2020/21
Metro South,2020,Public Health,121453441.0,61333988.0,60119453.0,50.5,120358306.0,1095134.0,99.1,FY2020/21
Metro South,2020,Capital Funding,104922455.0,52985840.0,51936615.0,50.5,103958533.0,963922.0,99.08,FY2020/21
Metro South,2020,Teaching & Research,120376169.0,60789965.0,59586204.0,50.5,118285396.0,2090773.0,98.26,FY2020/21
Metro South,2021,National Health Reform Agreement,944299796.0,481592896.0,462706900.0,51.0,901220105.0,43079690.0,95.44,FY2021/22
Metro South,2021,Mental Health,210263050.0,107234155.0,103028894.0,51.0,203070099.0,7192951.0,96.58,FY2021/22
Metro South,2021,Preventive Health,91424736.0,46626615.0,44798121.0,51.0,90620268.0,804468.0,99.12,FY2021/22
Metro South,2021,Indigenous Health,137290029.0,70017915.0,67272114.0,51.0,129340287.0,7949741.0,94.21,FY2021/22
Metro South,2021,Public Health,122337558.0,62392155.0,59945404.0,51.0,116263752.0,6073806.0,95.04,FY2021/22
Metro South,2021,Capital Funding,107042644.0,54591749.0,52450896.0,51.0,106314147.0,728498.0,99.32,FY2021/22
Metro South,2021,Teaching & Research,128323452.0,65444961.0,62878492.0,51.0,125211892.0,3111561.0,97.58,FY2021/22
Metro South,2022,National Health Reform Agreement,1028633307.0,529746153.0,498887154.0,51.5,994445809.0,34187498.0,96.68,FY2022/23
Metro South,2022,Mental Health,213418731.0,109910647.0,103508085.0,51.5,206317904.0,7100828.0,96.67,FY2022/23
Metro South,2022,Preventive Health,91450212.0,47096859.0,44353353.0,51.5,89801550.0,1648662.0,98.2,FY2022/23
Metro South,2022,Indigenous Health,142413831.0,73343123.0,69070708.0,51.5,136116538.0,6297294.0,95.58,FY2022/23
Metro South,2022,Public Health,126082014.0,64932237.0,61149777.0,51.5,125724038.0,357976.0,99.72,FY2022/23
Metro South,2022,Capital Funding,108768833.0,56015949.0,52752884.0,51.5,106904163.0,1864670.0,98.29,FY2022/23
Metro South,2022,Teaching & Research,130026238.0,66963513.0,63062725.0,51.5,123341341.0,6684897.0,94.86,FY2022/23
Metro South,2023,National Health Reform Agreement,1036707504.0,539087902.0,497619602.0,52.0,1029037115.0,7670389.0,99.26,FY2023/24
Metro South,2023,Mental Health,224451424.0,116714741.0,107736684.0,52.0,223589132.0,862292.0,99.62,FY2023/24
Metro South,2023,Preventive Health,91566770.0,47614720.0,43952050.0,52.0,85632432.0,5934338.0,93.52,FY2023/24
Metro South,2023,Indigenous Health,154627085.0,80406084.0,74221001.0,52.0,152978402.0,1648683.0,98.93,FY2023/24
Metro South,2023,Public Health,136360144.0,70907275.0,65452869.0,52.0,133299888.0,3060257.0,97.76,FY2023/24
Metro South,2023,Capital Funding,116377235.0,60516162.0,55861073.0,52.0,114967491.0,1409744.0,98.79,FY2023/24
Metro South,2023,Teaching & Research,134805134.0,70098670.0,64706465.0,52.0,130739399.0,4065735.0,96.98,FY2023/24
Metro South,2024,National Health Reform Agreement,1050047266.0,551274815.0,498772451.0,52.5,1045237068.0,4810198.0,99.54,FY2024/25
Metro South,2024,Mental Health,230021755.0,120761421.0,109260333.0,52.5,222596044.0,7425710.0,96.77,FY2024/25
Metro South,2024,Preventive Health,95950305.0,50373910.0,45576395.0,52.5,93027398.0,2922907.0,96.95,FY2024/25
Metro South,2024,Indigenous Health,153821344.0,80756206.0,73065138.0,52.5,143570340.0,10251004.0,93.34,FY2024/25
Metro South,2024,Public Health,139035445.0,72993609.0,66041836.0,52.5,133628018.0,5407427.0,96.11,FY2024/25
Metro South,2024,Capital Funding,116461696.0,61142391.0,55319306.0,52.5,109444081.0,7017615.0,93.97,FY2024/25
Metro South,2024,Teaching & Research,129552098.0,68014851.0,61537247.0,52.5,122707900.0,6844198.0,94.72,FY2024/25
Gold Coast,2019,National Health Reform Agreement,666808634.0,333404317.0,333404317.0,50.0,624762093.0,42046541.0,93.69,FY2019/20
Gold Coast,2019,Mental Health,147825061.0,73912530.0,73912530.0,50.0,139702307.0,8122754.0,94.51,FY2019/20
Gold Coast,2019,Preventive Health,58233291.0,29116645.0,29116645.0,50.0,54896847.0,3336444.0,94.27,FY2019/20
Gold Coast,2019,Indigenous Health,91718081.0,45859041.0,45859041.0,50.0,90253012.0,1465070.0,98.4,FY2019/20
Gold Coast,2019,Public Health,86005148.0,43002574.0,43002574.0,50.0,83682269.0,2322880.0,97.3,FY2019/20
Gold Coast,2019,Capital Funding,69786084.0,34893042.0,34893042.0,50.0,66294648.0,3491435.0,95.0,FY2019/20
Gold Coast,2019,Teaching & Research,83339110.0,41669555.0,41669555.0,50.0,83072777.0,266334.0,99.68,FY2019/20
Gold Coast,2020,National Health Reform Agreement,663380301.0,335007052.0,328373249.0,50.5,650918843.0,12461457.0,98.12,FY2020/21
Gold Coast,2020,Mental Health,147007694.0,74238886.0,72768809.0,50.5,139782165.0,7225529.0,95.08,FY2020/21
Gold Coast,2020,Preventive Health,61334295.0,30973819.0,30360476.0,50.5,57346613.0,3987682.0,93.5,FY2020/21
Gold Coast,2020,Indigenous Health,100835422.0,50921888.0,49913534.0,50.5,95494284.0,5341138.0,94.7,FY2020/21
Gold Coast,2020,Public Health,87725853.0,44301556.0,43424297.0,50.5,82004758.0,5721095.0,93.48,FY2020/21
Gold Coast,2020,Capital Funding,76550790.0,38658149.0,37892641.0,50.5,72226516.0,4324274.0,94.35,FY2020/21
Gold Coast,2020,Teaching & Research,88810447.0,44849276.0,43961171.0,50.5,87625993.0,1184454.0,98.67,FY2020/21
Gold Coast,2021,National Health Reform Agreement,724186850.0,369335294.0,354851557.0,51.0,697719520.0,26467330.0,96.35,FY2021/22
Gold Coast,2021,Mental Health,155074533.0,79088012.0,75986521.0,51.0,148243460.0,6831073.0,95.59,FY2021/22
Gold Coast,2021,Preventive Health,61857541.0,31547346.0,30310195.0,51.0,59446045.0,2411497.0,96.1,FY2021/22
Gold Coast,2021,Indigenous Health,98820825.0,50398621.0,48422204.0,51.0,98696619.0,124206.0,99.87,FY2021/22
Gold Coast,2021,Public Health,85974231.0,43846858.0,42127373.0,51.0,83502027.0,2472204.0,97.12,FY2021/22
Gold Coast,2021,Capital Funding,76922364.0,39230406.0,37691959.0,51.0,74435123.0,2487241.0,96.77,FY2021/22
Gold Coast,2021,Teaching & Research,89996653.0,45898293.0,44098360.0,51.0,84428799.0,5567854.0,93.81,FY2021/22
Gold Coast,2022,National Health Reform Agreement,722218498.0,371942527.0,350275972.0,51.5,686183320.0,36035179.0,95.01,FY2022/23
Gold Coast,2022,Mental Health,162408962.0,83640616.0,78768347.0,51.5,159704044.0,2704919.0,98.33,FY2022/23
Gold Coast,2022,Preventive Health,67839514.0,34937350.0,32902164.0,51.5,63269093.0,4570421.0,93.26,FY2022/23
Gold Coast,2022,Indigenous Health,102791787.0,52937770.0,49854017.0,51.5,97002511.0,5789277.0,94.37,FY2022/23
Gold Coast,2022,Public Health,87936942.0,45287525.0,42649417.0,51.5,83273013.0,4663929.0,94.7,FY2022/23
Gold Coast,2022,Capital Funding,79564097.0,40975510.0,38588587.0,51.5,75281657.0,4282440.0,94.62,FY2022/23
Gold Coast,2022,Teaching & Research,91581829.0,47164642.0,44417187.0,51.5,90862661.0,719168.0,99.21,FY2022/23
Gold Coast,2023,National Health Reform Agreement,751519073.0,390789918.0,360729155.0,52.0,719672727.0,31846346.0,95.76,FY2023/24
Gold Coast,2023,Mental Health,159817644.0,83105175.0,76712469.0,52.0,153728833.0,6088811.0,96.19,FY2023/24
Gold Coast,2023,Preventive Health,65538862.0,34080208.0,31458654.0,52.0,63859760.0,1679102.0,97.44,FY2023/24
Gold Coast,2023,Indigenous Health,106473482.0,55366211.0,51107271.0,52.0,105373140.0,1100342.0,98.97,FY2023/24
Gold Coast,2023,Public Health,96121042.0,49982942.0,46138100.0,52.0,93500391.0,2620652.0,97.27,FY2023/24
Gold Coast,2023,Capital Funding,79855431.0,41524824.0,38330607.0,52.0,75439044.0,4416386.0,94.47,FY2023/24
Gold Coast,2023,Teaching & Research,96268723.0,50059736.0,46208987.0,52.0,92807731.0,3460992.0,96.4,FY2023/24
Gold Coast,2024,National Health Reform Agreement,744283983.0,390749091.0,353534892.0,52.5,702352678.0,41931305.0,94.37,FY2024/25
Gold Coast,2024,Mental Health,161600860.0,84840451.0,76760408.0,52.5,159080094.0,2520766.0,98.44,FY2024/25
Gold Coast,2024,Preventive Health,67685632.0,35534957.0,32150675.0,52.5,65442866.0,2242766.0,96.69,FY2024/25
Gold Coast,2024,Indigenous Health,110267943.0,57890670.0,52377273.0,52.5,107023062.0,3244881.0,97.06,FY2024/25
Gold Coast,2024,Public Health,99782402.0,52385761.0,47396641.0,52.5,98858648.0,923754.0,99.07,FY2024/25
Gold Coast,2024,Capital Funding,82697834.0,43416363.0,39281471.0,52.5,76997938.0,5699895.0,93.11,FY2024/25
Gold Coast,2024,Teaching & Research,96289936.0,50552216.0,45737719.0,52.5,93635564.0,2654372.0,97.24,FY2024/25
Sunshine Coast,2019,National Health Reform Agreement,494326966.0,247163483.0,247163483.0,50.0,482262189.0,12064778.0,97.56,FY2019/20
Sunshine Coast,2019,Mental Health,104386048.0,52193024.0,52193024.0,50.0,101803271.0,2582776.0,97.53,FY2019/20
Sunshine Coast,2019,Preventive Health,43596447.0,21798224.0,21798224.0,50.0,42835108.0,761339.0,98.25,FY2019/20
Sunshine Coast,2019,Indigenous Health,70650023.0,35325011.0,35325011.0,50.0,69215310.0,1434713.0,97.97,FY2019/20
Sunshine Coast,2019,Public Health,60359749.0,30179874.0,30179874.0,50.0,57857849.0,2501899.0,95.86,FY2019/20
Sunshine Coast,2019,Capital Funding,54558996.0,27279498.0,27279498.0,50.0,51606314.0,2952682.0,94.59,FY2019/20
Sunshine Coast,2019,Teaching & Research,64104327.0,32052163.0,32052163.0,50.0,62447524.0,1656803.0,97.42,FY2019/20
Sunshine Coast,2020,National Health Reform Agreement,511355900.0,258234730.0,253121171.0,50.5,488216238.0,23139663.0,95.47,FY2020/21
Sunshine Coast,2020,Mental Health,110636926.0,55871647.0,54765278.0,50.5,107518563.0,3118362.0,97.18,FY2020/21
Sunshine Coast,2020,Preventive Health,46061828.0,23261223.0,22800605.0,50.5,45089091.0,972737.0,97.89,FY2020/21
Sunshine Coast,2020,Indigenous Health,73469863.0,37102281.0,36367582.0,50.5,69367242.0,4102622.0,94.42,FY2020/21
Sunshine Coast,2020,Public Health,63149886.0,31890692.0,31259193.0,50.5,58755049.0,4394836.0,93.04,FY2020/21
Sunshine Coast,2020,Capital Funding,54514137.0,27529639.0,26984498.0,50.5,53556010.0,958128.0,98.24,FY2020/21
Sunshine Coast,2020,Teaching & Research,66149852.0,33405675.0,32744177.0,50.5,62456886.0,3692966.0,94.42,FY2020/21
Sunshine Coast,2021,National Health Reform Agreement,542770895.0,276813157.0,265957739.0,51.0,523865205.0,18905690.0,96.52,FY2021/22
Sunshine Coast,2021,Mental Health,118038339.0,60199553.0,57838786.0,51.0,115615433.0,2422906.0,97.95,FY2021/22
Sunshine Coast,2021,Preventive Health,48441891.0,24705364.0,23736527.0,51.0,45339336.0,3102555.0,93.6,FY2021/22
Sunshine Coast,2021,Indigenous Health,74446070.0,37967496.0,36478574.0,51.0,69280781.0,5165289.0,93.06,FY2021/22
Sunshine Coast,2021,Public Health,67785034.0,34570367.0,33214667.0,51.0,64674425.0,3110609.0,95.41,FY2021/22
Sunshine Coast,2021,Capital Funding,58423694.0,29796084.0,28627610.0,51.0,55720169.0,2703525.0,95.37,FY2021/22
Sunshine Coast,2021,Teaching & Research,68335188.0,34850946.0,33484242.0,51.0,64176915.0,4158273.0,93.91,FY2021/22
Sunshine Coast,2022,National Health Reform Agreement,525198465.0,270477210.0,254721256.0,51.5,500966521.0,24231944.0,95.39,FY2022/23
Sunshine Coast,2022,Mental Health,116801902.0,60152979.0,56648922.0,51.5,111476809.0,5325093.0,95.44,FY2022/23
Sunshine Coast,2022,Preventive Health,50060434.0,25781124.0,24279311.0,51.5,46895944.0,3164490.0,93.68,FY2022/23
Sunshine Coast,2022,Indigenous Health,77508541.0,39916899.0,37591643.0,51.5,76625471.0,883070.0,98.86,FY2022/23
Sunshine Coast,2022,Public Health,66258237.0,34122992.0,32135245.0,51.5,65990821.0,267415.0,99.6,FY2022/23
Sunshine Coast,2022,Capital Funding,61120524.0,31477070.0,29643454.0,51.5,57221021.0,3899503.0,93.62,FY2022/23
Sunshine Coast,2022,Teaching & Research,67490821.0,34757773.0,32733048.0,51.5,64525818.0,2965004.0,95.61,FY2022/23
Sunshine Coast,2023,National Health Reform Agreement,567308467.0,295000403.0,272308064.0,52.0,551262077.0,16046390.0,97.17,FY2023/24
Sunshine Coast,2023,Mental Health,122497341.0,63698618.0,58798724.0,52.0,120418033.0,2079308.0,98.3,FY2023/24
Sunshine Coast,2023,Preventive Health,48915733.0,25436181.0,23479552.0,52.0,48344626.0,571108.0,98.83,FY2023/24
Sunshine Coast,2023,Indigenous Health,82060510.0,42671465.0,39389045.0,52.0,79632661.0,2427849.0,97.04,FY2023/24
Sunshine Coast,2023,Public Health,72843434.0,37878586.0,34964848.0,52.0,71315284.0,1528150.0,97.9,FY2023/24
Sunshine Coast,2023,Capital Funding,59104420.0,30734299.0,28370122.0,52.0,56745100.0,2359320.0,96.01,FY2023/24
Sunshine Coast,2023,Teaching & Research,70607267.0,36715779.0,33891488.0,52.0,65937672.0,4669595.0,93.39,FY2023/24
Sunshine Coast,2024,National Health Reform Agreement,591541494.0,310559284.0,280982210.0,52.5,555457704.0,36083790.0,93.9,FY2024/25
Sunshine Coast,2024,Mental Health,126501420.0,66413246.0,60088175.0,52.5,122129047.0,4372373.0,96.54,FY2024/25
Sunshine Coast,2024,Preventive Health,49920070.0,26208037.0,23712033.0,52.5,49657107.0,262963.0,99.47,FY2024/25
Sunshine Coast,2024,Indigenous Health,85359615.0,44813798.0,40545817.0,52.5,82516974.0,2842641.0,96.67,FY2024/25
Sunshine Coast,2024,Public Health,71069653.0,37311568.0,33758085.0,52.5,66699836.0,4369817.0,93.85,FY2024/25
Sunshine Coast,2024,Capital Funding,61586591.0,32332960.0,29253631.0,52.5,58376697.0,3209894.0,94.79,FY2024/25
Sunshine Coast,2024,Teaching & Research,72683817.0,38159004.0,34524813.0,52.5,72512912.0,170905.0,99.76,FY2024/25
West Moreton,2019,National Health Reform Agreement,330002392.0,165001196.0,165001196.0,50.0,327459781.0,2542611.0,99.23,FY2019/20
West Moreton,2019,Mental Health,72435248.0,36217624.0,36217624.0,50.0,69774503.0,2660745.0,96.33,FY2019/20
West Moreton,2019,Preventive Health,30667392.0,15333696.0,15333696.0,50.0,29532568.0,1134823.0,96.3,FY2019/20
West Moreton,2019,Indigenous Health,49121345.0,24560673.0,24560673.0,50.0,46685436.0,2435909.0,95.04,FY2019/20
West Moreton,2019,Public Health,40510197.0,20255098.0,20255098.0,50.0,40099910.0,410287.0,98.99,FY2019/20
West Moreton,2019,Capital Funding,36035937.0,18017968.0,18017968.0,50.0,35756171.0,279766.0,99.22,FY2019/20
West Moreton,2019,Teaching & Research,43212301.0,21606151.0,21606151.0,50.0,40349659.0,2862643.0,93.38,FY2019/20
West Moreton,2020,National Health Reform Agreement,338558784.0,170972186.0,167586598.0,50.5,323745997.0,14812787.0,95.62,FY2020/21
West Moreton,2020,Mental Health,74605332.0,37675693.0,36929639.0,50.5,73527388.0,1077944.0,98.56,FY2020/21
West Moreton,2020,Preventive Health,30235486.0,15268920.0,14966566.0,50.5,29297457.0,938029.0,96.9,FY2020/21
West Moreton,2020,Indigenous Health,50063338.0,25281985.0,24781352.0,50.5,47030009.0,3033329.0,93.94,FY2020/21
West Moreton,2020,Public Health,44168509.0,22305097.0,21863412.0,50.5,42950680.0,1217829.0,97.24,FY2020/21
West Moreton,2020,Capital Funding,38258965.0,19320777.0,18938188.0,50.5,36490139.0,1768826.0,95.38,FY2020/21
West Moreton,2020,Teaching & Research,41735286.0,21076319.0,20658967.0,50.5,40293544.0,1441742.0,96.55,FY2020/21
West Moreton,2021,National Health Reform Agreement,337464519.0,172106905.0,165357614.0,51.0,336744659.0,719860.0,99.79,FY2021/22
West Moreton,2021,Mental Health,73341525.0,37404178.0,35937347.0,51.0,72076037.0,1265488.0,98.27,FY2021/22
West Moreton,2021,Preventive Health,31793689.0,16214782.0,15578908.0,51.0,30388518.0,1405172.0,95.58,FY2021/22
West Moreton,2021,Indigenous Health,49004647.0,24992370.0,24012277.0,51.0,47708557.0,1296090.0,97.36,FY2021/22
West Moreton,2021,Public Health,44724810.0,22809653.0,21915157.0,51.0,42473445.0,2251365.0,94.97,FY2021/22
West Moreton,2021,Capital Funding,39325530.0,20056021.0,19269510.0,51.0,37409893.0,1915637.0,95.13,FY2021/22
West Moreton,2021,Teaching & Research,44243294.0,22564080.0,21679214.0,51.0,42830312.0,1412982.0,96.81,FY2021/22
West Moreton,2022,National Health Reform Agreement,348028610.0,179234734.0,168793876.0,51.5,346375934.0,1652676.0,99.53,FY2022/23
West Moreton,2022,Mental Health,77654878.0,39992262.0,37662616.0,51.5,72658139.0,4996738.0,93.57,FY2022/23
West Moreton,2022,Preventive Health,32389550.0,16680618.0,15708932.0,51.5,31483102.0,906448.0,97.2,FY2022/23
West Moreton,2022,Indigenous Health,52351924.0,26961241.0,25390683.0,51.5,51232532.0,1119392.0,97.86,FY2022/23
West Moreton,2022,Public Health,44130744.0,22727333.0,21403411.0,51.5,41920582.0,2210163.0,94.99,FY2022/23
West Moreton,2022,Capital Funding,40222751.0,20714717.0,19508034.0,51.5,37632107.0,2590645.0,93.56,FY2022/23
West Moreton,2022,Teaching & Research,47059261.0,24235519.0,22823742.0,51.5,44067832.0,2991429.0,93.64,FY2022/23
West Moreton,2023,National Health Reform Agreement,379924416.0,197560696.0,182363720.0,52.0,362924770.0,16999647.0,95.53,FY2023/24
West Moreton,2023,Mental Health,81457207.0,42357748.0,39099460.0,52.0,76626966.0,4830241.0,94.07,FY2023/24
West Moreton,2023,Preventive Health,32471063.0,16884953.0,15586110.0,52.0,30688911.0,1782152.0,94.51,FY2023/24
West Moreton,2023,Indigenous Health,52219301.0,27154036.0,25065264.0,52.0,49705903.0,2513398.0,95.19,FY2023/24
West Moreton,2023,Public Health,47148144.0,24517035.0,22631109.0,52.0,45790898.0,1357246.0,97.12,FY2023/24
West Moreton,2023,Capital Funding,41302318.0,21477205.0,19825113.0,52.0,40308452.0,993866.0,97.59,FY2023/24
West Moreton,2023,Teaching & Research,47503704.0,24701926.0,22801778.0,52.0,45547726.0,1955977.0,95.88,FY2023/24
West Moreton,2024,National Health Reform Agreement,379723749.0,199354968.0,180368781.0,52.5,364161324.0,15562424.0,95.9,FY2024/25
West Moreton,2024,Mental Health,85295384.0,44780076.0,40515307.0,52.5,80697965.0,4597418.0,94.61,FY2024/25
West Moreton,2024,Preventive Health,33224943.0,17443095.0,15781848.0,52.5,32414002.0,810941.0,97.56,FY2024/25
West Moreton,2024,Indigenous Health,54031056.0,28366305.0,25664752.0,52.5,53615453.0,415604.0,99.23,FY2024/25
West Moreton,2024,Public Health,49821041.0,26156047.0,23664995.0,52.5,46601153.0,3219888.0,93.54,FY2024/25
West Moreton,2024,Capital Funding,40204240.0,21107226.0,19097014.0,52.5,38783503.0,1420737.0,96.47,FY2024/25
West Moreton,2024,Teaching & Research,48853125.0,25647891.0,23205235.0,52.5,46373516.0,2479610.0,94.92,FY2024/25
Darling Downs,2019,National Health Reform Agreement,286049817.0,143024908.0,143024908.0,50.0,277938623.0,8111194.0,97.16,FY2019/20
Darling Downs,2019,Mental Health,60487160.0,30243580.0,30243580.0,50.0,56360485.0,4126676.0,93.18,FY2019/20
Darling Downs,2019,Preventive Health,26072731.0,13036366.0,13036366.0,50.0,24639585.0,1433146.0,94.5,FY2019/20
Darling Downs,2019,Indigenous Health,41992262.0,20996131.0,20996131.0,50.0,40288230.0,1704033.0,95.94,FY2019/20
Darling Downs,2019,Public Health,36006341.0,18003171.0,18003171.0,50.0,35686116.0,320226.0,99.11,FY2019/20
Darling Downs,2019,Capital Funding,31565725.0,15782863.0,15782863.0,50.0,30177035.0,1388691.0,95.6,FY2019/20
Darling Downs,2019,Teaching & Research,34952271.0,17476136.0,17476136.0,50.0,34402130.0,550141.0,98.43,FY2019/20
Darling Downs,2020,National Health Reform Agreement,288617289.0,145751731.0,142865558.0,50.5,272293944.0,16323345.0,94.34,FY2020/21
Darling Downs,2020,Mental Health,65358313.0,33005948.0,32352365.0,50.5,61689574.0,3668739.0,94.39,FY2020/21
Darling Downs,2020,Preventive Health,25378454.0,12816119.0,12562335.0,50.5,23637989.0,1740465.0,93.14,FY2020/21
Darling Downs,2020,Indigenous Health,42619655.0,21522926.0,21096729.0,50.5,41610305.0,1009350.0,97.63,FY2020/21
Darling Downs,2020,Public Health,36372551.0,18368138.0,18004413.0,50.5,34641246.0,1731305.0,95.24,FY2020/21
Darling Downs,2020,Capital Funding,31248525.0,15780505.0,15468020.0,50.5,30548904.0,699620.0,97.76,FY2020/21
Darling Downs,2020,Teaching & Research,35625343.0,17990798.0,17634545.0,50.5,35448575.0,176768.0,99.5,FY2020/21
Darling Downs,2021,National Health Reform Agreement,292527253.0,149188899.0,143338354.0,51.0,292520561.0,6692.0,100.0,FY2021/22
Darling Downs,2021,Mental Health,63557822.0,32414489.0,31143333.0,51.0,62541422.0,1016401.0,98.4,FY2021/22
Darling Downs,2021,Preventive Health,26595326.0,13563616.0,13031710.0,51.0,24884164.0,1711163.0,93.57,FY2021/22
Darling Downs,2021,Indigenous Health,44820616.0,22858514.0,21962102.0,51.0,44377456.0,443160.0,99.01,FY2021/22
Darling Downs,2021,Public Health,37782232.0,19268938.0,18513293.0,51.0,36995142.0,787090.0,97.92,FY2021/22
Darling Downs,2021,Capital Funding,32785535.0,16720623.0,16064912.0,51.0,32448071.0,337464.0,98.97,FY2021/22
Darling Downs,2021,Teaching & Research,37512610.0,19131431.0,18381179.0,51.0,36261829.0,1250780.0,96.67,FY2021/22
Darling Downs,2022,National Health Reform Agreement,307805208.0,158519682.0,149285526.0,51.5,293884228.0,13920981.0,95.48,FY2022/23
Darling Downs,2022,Mental Health,69341776.0,35711015.0,33630761.0,51.5,65293011.0,4048765.0,94.16,FY2022/23
Darling Downs,2022,Preventive Health,27229552.0,14023219.0,13206333.0,51.5,26423112.0,806439.0,97.04,FY2022/23
Darling Downs,2022,Indigenous Health,45388884.0,23375275.0,22013609.0,51.5,42830010.0,2558873.0,94.36,FY2022/23
Darling Downs,2022,Public Health,38878211.0,20022278.0,18855932.0,51.5,38732786.0,145425.0,99.63,FY2022/23
Darling Downs,2022,Capital Funding,32936631.0,16962365.0,15974266.0,51.5,32172015.0,764616.0,97.68,FY2022/23
Darling Downs,2022,Teaching & Research,39974619.0,20586929.0,19387690.0,51.5,38430360.0,1544259.0,96.14,FY2022/23
Darling Downs,2023,National Health Reform Agreement,328264747.0,170697668.0,157567079.0,52.0,322213505.0,6051242.0,98.16,FY2023/24
Darling Downs,2023,Mental Health,68966354.0,35862504.0,33103850.0,52.0,66887257.0,2079097.0,96.99,FY2023/24
Darling Downs,2023,Preventive Health,29277324.0,15224208.0,14053116.0,52.0,28441553.0,835771.0,97.15,FY2023/24
Darling Downs,2023,Indigenous Health,47530486.0,24715853.0,22814633.0,52.0,45390768.0,2139718.0,95.5,FY2023/24
Darling Downs,2023,Public Health,39720018.0,20654409.0,19065609.0,52.0,37534175.0,2185843.0,94.5,FY2023/24
Darling Downs,2023,Capital Funding,33320237.0,17326523.0,15993714.0,52.0,31088147.0,2232090.0,93.3,FY2023/24
Darling Downs,2023,Teaching & Research,41561266.0,21611858.0,19949408.0,52.0,40625619.0,935647.0,97.75,FY2023/24
Darling Downs,2024,National Health Reform Agreement,330349664.0,173433574.0,156916090.0,52.5,321438481.0,8911183.0,97.3,FY2024/25
Darling Downs,2024,Mental Health,73150482.0,38404003.0,34746479.0,52.5,70489171.0,2661311.0,96.36,FY2024/25
Darling Downs,2024,Preventive Health,30529636.0,16028059.0,14501577.0,52.5,29160722.0,1368914.0,95.52,FY2024/25
Darling Downs,2024,Indigenous Health,49061082.0,25757068.0,23304014.0,52.5,48026187.0,1034895.0,97.89,FY2024/25
Darling Downs,2024,Public Health,40704996.0,21370123.0,19334873.0,52.5,39462921.0,1242074.0,96.95,FY2024/25
Darling Downs,2024,Capital Funding,35675212.0,18729486.0,16945726.0,52.5,33522317.0,2152895.0,93.97,FY2024/25
Darling Downs,2024,Teaching & Research,41814398.0,21952559.0,19861839.0,52.5,39808770.0,2005628.0,95.2,FY2024/25
Central Queensland,2019,National Health Reform Agreement,248511814.0,124255907.0,124255907.0,50.0,247618646.0,893169.0,99.64,FY2019/20
Central Queensland,2019,Mental Health,56871173.0,28435586.0,28435586.0,50.0,56381189.0,489984.0,99.14,FY2019/20
Central Queensland,2019,Preventive Health,23761115.0,11880557.0,11880557.0,50.0,22691600.0,1069515.0,95.5,FY2019/20
Central Queensland,2019,Indigenous Health,37527814.0,18763907.0,18763907.0,50.0,36676018.0,851796.0,97.73,FY2019/20
Central Queensland,2019,Public Health,34011372.0,17005686.0,17005686.0,50.0,32234512.0,1776861.0,94.78,FY2019/20
Central Queensland,2019,Capital Funding,28960788.0,14480394.0,14480394.0,50.0,28806874.0,153914.0,99.47,FY2019/20
Central Queensland,2019,Teaching & Research,33250759.0,16625379.0,16625379.0,50.0,33090778.0,159981.0,99.52,FY2019/20
Central Queensland,2020,National Health Reform Agreement,263816786.0,133227477.0,130589309.0,50.5,262949128.0,867659.0,99.67,FY2020/21
Central Queensland,2020,Mental Health,58975615.0,29782686.0,29192929.0,50.5,55020734.0,3954881.0,93.29,FY2020/21
Central Queensland,2020,Preventive Health,24967979.0,12608829.0,12359150.0,50.5,24066962.0,901017.0,96.39,FY2020/21
Central Queensland,2020,Indigenous Health,38566638.0,19476152.0,19090486.0,50.5,37396243.0,1170395.0,96.97,FY2020/21
Central Queensland,2020,Public Health,32903695.0,16616366.0,16287329.0,50.5,31681047.0,1222648.0,96.28,FY2020/21
Central Queensland,2020,Capital Funding,29785742.0,15041800.0,14743942.0,50.5,27733021.0,2052721.0,93.11,FY2020/21
Central Queensland,2020,Teaching & Research,33238254.0,16785318.0,16452936.0,50.5,30917287.0,2320967.0,93.02,FY2020/21
Central Queensland,2021,National Health Reform Agreement,272388384.0,138918076.0,133470308.0,51.0,267208125.0,5180259.0,98.1,FY2021/22
Central Queensland,2021,Mental Health,61263786.0,31244531.0,30019255.0,51.0,61028734.0,235052.0,99.62,FY2021/22
Central Queensland,2021,Preventive Health,25147098.0,12825020.0,12322078.0,51.0,23835020.0,1312078.0,94.78,FY2021/22
Central Queensland,2021,Indigenous Health,41242615.0,21033734.0,20208881.0,51.0,40593956.0,648660.0,98.43,FY2021/22
Central Queensland,2021,Public Health,35110789.0,17906502.0,17204286.0,51.0,34362747.0,748042.0,97.87,FY2021/22
Central Queensland,2021,Capital Funding,30932364.0,15775506.0,15156859.0,51.0,30309621.0,622743.0,97.99,FY2021/22
Central Queensland,2021,Teaching & Research,34535437.0,17613073.0,16922364.0,51.0,33841688.0,693749.0,97.99,FY2021/22
Central Queensland,2022,National Health Reform Agreement,272096167.0,140129526.0,131966641.0,51.5,260409389.0,11686778.0,95.7,FY2022/23
Central Queensland,2022,Mental Health,61171277.0,31503208.0,29668069.0,51.5,57603687.0,3567590.0,94.17,FY2022/23
Central Queensland,2022,Preventive Health,24700694.0,12720857.0,11979837.0,51.5,23202268.0,1498426.0,93.93,FY2022/23
Central Queensland,2022,Indigenous Health,41597034.0,21422472.0,20174561.0,51.5,41021340.0,575694.0,98.62,FY2022/23
Central Queensland,2022,Public Health,37356858.0,19238782.0,18118076.0,51.5,35647611.0,1709246.0,95.42,FY2022/23
Central Queensland,2022,Capital Funding,31061585.0,15996716.0,15064869.0,51.5,30924919.0,136666.0,99.56,FY2022/23
Central Queensland,2022,Teaching & Research,34995021.0,18022436.0,16972585.0,51.5,34303351.0,691670.0,98.02,FY2022/23
Central Queensland,2023,National Health Reform Agreement,296663549.0,154265046.0,142398504.0,52.0,277744807.0,18918743.0,93.62,FY2023/24
Central Queensland,2023,Mental Health,65265875.0,33938255.0,31327620.0,52.0,64412025.0,853850.0,98.69,FY2023/24
Central Queensland,2023,Preventive Health,25443698.0,13230723.0,12212975.0,52.0,23824866.0,1618832.0,93.64,FY2023/24
Central Queensland,2023,Indigenous Health,40763111.0,21196818.0,19566293.0,52.0,38864857.0,1898255.0,95.34,FY2023/24
Central Queensland,2023,Public Health,37029890.0,19255543.0,17774347.0,52.0,35817692.0,1212198.0,96.73,FY2023/24
Central Queensland,2023,Capital Funding,31126836.0,16185955.0,14940881.0,52.0,30934217.0,192620.0,99.38,FY2023/24
Central Queensland,2023,Teaching & Research,36612426.0,19038461.0,17573964.0,52.0,34166295.0,2446131.0,93.32,FY2023/24
Central Queensland,2024,National Health Reform Agreement,294202575.0,154456352.0,139746223.0,52.5,284546158.0,9656417.0,96.72,FY2024/25
Central Queensland,2024,Mental Health,64753231.0,33995446.0,30757785.0,52.5,61461758.0,3291473.0,94.92,FY2024/25
Central Queensland,2024,Preventive Health,26378423.0,13848672.0,12529751.0,52.5,26044512.0,333911.0,98.73,FY2024/25
Central Queensland,2024,Indigenous Health,45214236.0,23737474.0,21476762.0,52.5,43092239.0,2121997.0,95.31,FY2024/25
Central Queensland,2024,Public Health,37691741.0,19788164.0,17903577.0,52.5,36683963.0,1007778.0,97.33,FY2024/25
Central Queensland,2024,Capital Funding,33186068.0,17422686.0,15763382.0,52.5,31773737.0,1412330.0,95.74,FY2024/25
Central Queensland,2024,Teaching & Research,39284780.0,20624510.0,18660271.0,52.5,38074820.0,1209960.0,96.92,FY2024/25
Wide Bay,2019,National Health Reform Agreement,221712015.0,110856007.0,110856007.0,50.0,216228432.0,5483583.0,97.53,FY2019/20
Wide Bay,2019,Mental Health,50325560.0,25162780.0,25162780.0,50.0,49601811.0,723749.0,98.56,FY2019/20
Wide Bay,2019,Preventive Health,19491288.0,9745644.0,9745644.0,50.0,18580298.0,910990.0,95.33,FY2019/20
Wide Bay,2019,Indigenous Health,32301225.0,16150612.0,16150612.0,50.0,30751290.0,1549935.0,95.2,FY2019/20
Wide Bay,2019,Public Health,28784040.0,14392020.0,14392020.0,50.0,28433993.0,350047.0,98.78,FY2019/20
Wide Bay,2019,Capital Funding,24732563.0,12366281.0,12366281.0,50.0,24714096.0,18467.0,99.93,FY2019/20
Wide Bay,2019,Teaching & Research,27814826.0,13907413.0,13907413.0,50.0,27571426.0,243400.0,99.12,FY2019/20
Wide Bay,2020,National Health Reform Agreement,234618357.0,118482270.0,116136087.0,50.5,224143237.0,10475120.0,95.54,FY2020/21
Wide Bay,2020,Mental Health,51059154.0,25784873.0,25274281.0,50.5,47856996.0,3202159.0,93.73,FY2020/21
Wide Bay,2020,Preventive Health,21366884.0,10790276.0,10576608.0,50.5,20667399.0,699485.0,96.73,FY2020/21
Wide Bay,2020,Indigenous Health,32858374.0,16593479.0,16264895.0,50.5,32066632.0,791742.0,97.59,FY2020/21
Wide Bay,2020,Public Health,29568143.0,14931912.0,14636231.0,50.5,27931961.0,1636182.0,94.47,FY2020/21
Wide Bay,2020,Capital Funding,24118734.0,12179961.0,11938773.0,50.5,23162512.0,956221.0,96.04,FY2020/21
Wide Bay,2020,Teaching & Research,29399485.0,14846740.0,14552745.0,50.5,29145544.0,253942.0,99.14,FY2020/21
Wide Bay,2021,National Health Reform Agreement,244955121.0,124927112.0,120028010.0,51.0,236875611.0,8079510.0,96.7,FY2021/22
Wide Bay,2021,Mental Health,52723736.0,26889105.0,25834631.0,51.0,50654394.0,2069342.0,96.08,FY2021/22
Wide Bay,2021,Preventive Health,21954923.0,11197011.0,10757912.0,51.0,20732827.0,1222097.0,94.43,FY2021/22
Wide Bay,2021,Indigenous Health,34094339.0,17388113.0,16706226.0,51.0,33221386.0,872953.0,97.44,FY2021/22
Wide Bay,2021,Public Health,28981520.0,14780575.0,14200945.0,51.0,28418475.0,563045.0,98.06,FY2021/22
Wide Bay,2021,Capital Funding,26530806.0,13530711.0,13000095.0,51.0,25414918.0,1115888.0,95.79,FY2021/22
Wide Bay,2021,Teaching & Research,30017935.0,15309147.0,14708788.0,51.0,29705441.0,312494.0,98.96,FY2021/22
Wide Bay,2022,National Health Reform Agreement,249344611.0,128412475.0,120932136.0,51.5,236919885.0,12424726.0,95.02,FY2022/23
Wide Bay,2022,Mental Health,52479082.0,27026727.0,25452355.0,51.5,51299430.0,1179652.0,97.75,FY2022/23
Wide Bay,2022,Preventive Health,22290733.0,11479727.0,10811005.0,51.5,20983517.0,1307216.0,94.14,FY2022/23
Wide Bay,2022,Indigenous Health,34946179.0,17997282.0,16948897.0,51.5,34701515.0,244664.0,99.3,FY2022/23
Wide Bay,2022,Public Health,31517468.0,16231496.0,15285972.0,51.5,31486524.0,30944.0,99.9,FY2022/23
Wide Bay,2022,Capital Funding,27182830.0,13999157.0,13183673.0,51.5,27072419.0,110411.0,99.59,FY2022/23
Wide Bay,2022,Teaching & Research,30345053.0,15627702.0,14717351.0,51.5,29859652.0,485401.0,98.4,FY2022/23
Wide Bay,2023,National Health Reform Agreement,241450270.0,125554141.0,115896130.0,52.0,235885615.0,5564656.0,97.7,FY2023/24
Wide Bay,2023,Mental Health,54648140.0,28417033.0,26231107.0,52.0,52149255.0,2498884.0,95.43,FY2023/24
Wide Bay,2023,Preventive Health,23487935.0,12213726.0,11274209.0,52.0,23248329.0,239607.0,98.98,FY2023/24
Wide Bay,2023,Indigenous Health,35126129.0,18265587.0,16860542.0,52.0,34165969.0,960160.0,97.27,FY2023/24
Wide Bay,2023,Public Health,31618721.0,16441735.0,15176986.0,52.0,30325398.0,1293324.0,95.91,FY2023/24
Wide Bay,2023,Capital Funding,28118986.0,14621873.0,13497113.0,52.0,26760524.0,1358462.0,95.17,FY2023/24
Wide Bay,2023,Teaching & Research,33089279.0,17206425.0,15882854.0,52.0,31189107.0,1900173.0,94.26,FY2023/24
Wide Bay,2024,National Health Reform Agreement,261572056.0,137325329.0,124246727.0,52.5,255568285.0,6003771.0,97.7,FY2024/25
Wide Bay,2024,Mental Health,55220041.0,28990521.0,26229519.0,52.5,52609930.0,2610111.0,95.27,FY2024/25
Wide Bay,2024,Preventive Health,24102419.0,12653770.0,11448649.0,52.5,23700544.0,401875.0,98.33,FY2024/25
Wide Bay,2024,Indigenous Health,37044419.0,19448320.0,17596099.0,52.5,35835917.0,1208502.0,96.74,FY2024/25
Wide Bay,2024,Public Health,31710816.0,16648179.0,15062638.0,52.5,29954424.0,1756392.0,94.46,FY2024/25
Wide Bay,2024,Capital Funding,28136489.0,14771657.0,13364832.0,52.5,26336265.0,1800224.0,93.6,FY2024/25
Wide Bay,2024,Teaching & Research,33765822.0,17727057.0,16038766.0,52.5,33099300.0,666523.0,98.03,FY2024/25
South West,2019,National Health Reform Agreement,36394029.0,18197014.0,18197014.0,50.0,35613111.0,780918.0,97.85,FY2019/20
South West,2019,Mental Health,7938533.0,3969266.0,3969266.0,50.0,7690976.0,247556.0,96.88,FY2019/20
South West,2019,Preventive Health,3220767.0,1610384.0,1610384.0,50.0,3215575.0,5192.0,99.84,FY2019/20
South West,2019,Indigenous Health,5170368.0,2585184.0,2585184.0,50.0,4819585.0,350783.0,93.22,FY2019/20
South West,2019,Public Health,4553299.0,2276650.0,2276650.0,50.0,4523169.0,30130.0,99.34,FY2019/20
South West,2019,Capital Funding,3924845.0,1962422.0,1962422.0,50.0,3810507.0,114337.0,97.09,FY2019/20
South West,2019,Teaching & Research,4534512.0,2267256.0,2267256.0,50.0,4531399.0,3113.0,99.93,FY2019/20
South West,2020,National Health Reform Agreement,35083564.0,17717200.0,17366364.0,50.5,34266367.0,817197.0,97.67,FY2020/21
South West,2020,Mental Health,7776617.0,3927191.0,3849425.0,50.5,7580695.0,195922.0,97.48,FY2020/21
South West,2020,Preventive Health,3325785.0,1679521.0,1646264.0,50.5,3128706.0,197079.0,94.07,FY2020/21
South West,2020,Indigenous Health,5152059.0,2601790.0,2550269.0,50.5,5015602.0,136457.0,97.35,FY2020/21
South West,2020,Public Health,4479055.0,2261923.0,2217132.0,50.5,4248664.0,230391.0,94.86,FY2020/21
South West,2020,Capital Funding,4062996.0,2051813.0,2011183.0,50.5,3871614.0,191382.0,95.29,FY2020/21
South West,2020,Teaching & Research,4611943.0,2329031.0,2282912.0,50.5,4592941.0,19002.0,99.59,FY2020/21
South West,2021,National Health Reform Agreement,36579752.0,18655674.0,17924079.0,51.0,35016839.0,1562913.0,95.73,FY2021/22
South West,2021,Mental Health,8228623.0,4196598.0,4032025.0,51.0,8087698.0,140926.0,98.29,FY2021/22
South West,2021,Preventive Health,3508878.0,1789528.0,1719350.0,51.0,3488116.0,20762.0,99.41,FY2021/22
South West,2021,Indigenous Health,5559804.0,2835500.0,2724304.0,51.0,5259481.0,300323.0,94.6,FY2021/22
South West,2021,Public Health,4578562.0,2335067.0,2243495.0,51.0,4381062.0,197500.0,95.69,FY2021/22
South West,2021,Capital Funding,3962581.0,2020917.0,1941665.0,51.0,3882249.0,80333.0,97.97,FY2021/22
South West,2021,Teaching & Research,4820847.0,2458632.0,2362215.0,51.0,4498227.0,322621.0,93.31,FY2021/22
South West,2022,National Health Reform Agreement,39557995.0,20372368.0,19185628.0,51.5,37477721.0,2080275.0,94.74,FY2022/23
South West,2022,Mental Health,8358955.0,4304862.0,4054093.0,51.5,8164654.0,194301.0,97.68,FY2022/23
South West,2022,Preventive Health,3482111.0,1793287.0,1688824.0,51.5,3345926.0,136185.0,96.09,FY2022/23
South West,2022,Indigenous Health,5408312.0,2785280.0,2623031.0,51.5,5181709.0,226603.0,95.81,FY2022/23
South West,2022,Public Health,5006514.0,2578355.0,2428159.0,51.5,4976787.0,29727.0,99.41,FY2022/23
South West,2022,Capital Funding,4173181.0,2149188.0,2023993.0,51.5,4004797.0,168384.0,95.97,FY2022/23
South West,2022,Teaching & Research,4982111.0,2565787.0,2416324.0,51.5,4962153.0,19958.0,99.6,FY2022/23
South West,2023,National Health Reform Agreement,38906624.0,20231444.0,18675179.0,52.0,37381877.0,1524747.0,96.08,FY2023/24
South West,2023,Mental Health,8854721.0,4604455.0,4250266.0,52.0,8612798.0,241924.0,97.27,FY2023/24
South West,2023,Preventive Health,3491849.0,1815762.0,1676088.0,52.0,3400856.0,90993.0,97.39,FY2023/24
South West,2023,Indigenous Health,5622094.0,2923489.0,2698605.0,52.0,5429341.0,192753.0,96.57,FY2023/24
South West,2023,Public Health,5057529.0,2629915.0,2427614.0,52.0,5013701.0,43827.0,99.13,FY2023/24
South West,2023,Capital Funding,4311978.0,2242229.0,2069750.0,52.0,4094486.0,217492.0,94.96,FY2023/24
South West,2023,Teaching & Research,4937182.0,2567335.0,2369847.0,52.0,4893723.0,43459.0,99.12,FY2023/24
South West,2024,National Health Reform Agreement,39697080.0,20840967.0,18856113.0,52.5,38101686.0,1595394.0,95.98,FY2024/25
South West,2024,Mental Health,8672683.0,4553158.0,4119524.0,52.5,8535058.0,137624.0,98.41,FY2024/25
South West,2024,Preventive Health,3698775.0,1941857.0,1756918.0,52.5,3530777.0,167998.0,95.46,FY2024/25
South West,2024,Indigenous Health,5864302.0,3078758.0,2785543.0,52.5,5803636.0,60666.0,98.97,FY2024/25
South West,2024,Public Health,5211246.0,2735904.0,2475342.0,52.5,5108328.0,102918.0,98.03,FY2024/25
South West,2024,Capital Funding,4588920.0,2409183.0,2179737.0,52.5,4557357.0,31563.0,99.31,FY2024/25
South West,2024,Teaching & Research,5117735.0,2686811.0,2430924.0,52.5,5100701.0,17034.0,99.67,FY2024/25
